<?xml version="1.0" encoding="utf-8"?>
<!DOCTYPE task PUBLIC "-//OASIS//DTD DITA Task//EN"
 "../../dtd/task.dtd">
<!-- (C) Copyright IBM Corporation 2001, 2005. All Rights Reserved.
 *-->
<?xml-stylesheet href="../../xsl/ditaview_shell.xsl" type="text/xsl"?>
<task id="changeoil" xml:lang="en-us">
<title>Changing the oil in your car</title>
<prolog></prolog>
<taskbody>
<context><p>Once every 6000 kilometers or three months, change the oil in
your car.  This 
will help keep the engine in good condition. </p><p>To change the oil:</p></context>
<steps>
<step><cmd>Remove the old oil filter.</cmd></step>
<step><cmd>Drain the old oil.</cmd></step>
<step><cmd>Install a new oil filter and gasket.</cmd></step>
<step><cmd>Add new oil to the engine.</cmd></step>
<step><cmd>Check the air filter and replace or clean it.</cmd></step>
<step><cmd>Top up the windshield washer fluid.</cmd></step>
</steps>
</taskbody>
<related-links>
<link href="../concepts/oil.xml" format="dita" type="concept"><linktext>Oil</linktext>
</link>
<link href="../concepts/wwfluid.xml" format="dita" type="concept"><linktext>Windshield
washer fluid</linktext></link>
</related-links>
</task>
