<?xml version="1.0" encoding="utf-8"?>
<!-- (C) Copyright IBM Corporation 2001, 2005. All Rights Reserved.
 *-->
<?xml-stylesheet href="../../xsl/ditaview_shell.xsl" type="text/xsl"?>
<!DOCTYPE task PUBLIC "-//OASIS//DTD DITA Task//EN" "../../dtd/task.dtd">
<task id="shovellingsnow" xml:lang="en-us"><title>Shovelling snow</title>
<taskbody><context><p>Keep your driveway and sidewalks clear of snow and ice by shovelling after 
any snowfall.</p></context><steps><step><cmd>Get the shovel out of the garage</cmd></step><step><cmd>Shovel the driveway, starting at the garage door and working out to the 
  street.</cmd></step><step><cmd>Shovel the sidewalk in front of your house.</cmd></step><step><cmd>Shovel the walk to your front door.</cmd></step></steps></taskbody>
<related-links>
<link href="../concepts/snowshovel.xml" format="dita" type="concept"><linktext>Snow shovel</linktext></link>
</related-links>
</task>
