<?xml version="1.0" encoding="utf-8"?>
<!-- (c) Copyright IBM Corp. 2004, 2005 All Rights Reserved. -->
<!DOCTYPE reference PUBLIC "-//IBM//DTD DITA Reference//EN" "reference.dtd">
<reference id="variables" xml:lang="en-us">
  <title>Global variable declarations</title>
  <shortdesc>If you want to change the values of the following global variable 
    declarations to meet your output requirements, copy the appropriate XSL 
    directive into an override stylesheet that imports the<i> dita2htmlImpl.xsl 
    </i> file and make your editing changes in the stylesheet.</shortdesc>
  <refbody>
    <section>
      <simpletable relcolwidth="20* 50* 30*" scale="80">
        <sthead>
          <stentry>Variable name</stentry>
          <stentry>Explanation</stentry>
          <stentry>Default Value</stentry>
        </sthead>
        <strow>
          <stentry>afill</stentry>
          <stentry>Filler for A-name anchors (link-to points that have no data 
            content in and of themselves; some browsers fail to link if a named 
            anchor has no text)</stentry>
          <stentry>null string (could be a space character, &amp;nbsp;, 
            &amp;#160;, etc.)</stentry>
        </strow>
      </simpletable>
      <p>For example, copy the <b>afill</b> variable declaration into your 
        override stylesheet and change the content to represent the actual 
        copyright owner of your content (this string will be copied into the 
        result HTML document as a comment ):</p>
      <codeblock>&lt;xsl:variable 
        name=&quot;afill&quot;&gt;&amp;nbsp;&lt;/xsl:variable&gt; </codeblock>
    </section>
  </refbody>
</reference>