<?xml version="1.0" encoding="utf-8"?>
<!-- (c) Copyright IBM Corp. 2004, 2005 All Rights Reserved. -->

<!DOCTYPE reference PUBLIC "-//IBM//DTD DITA Reference//EN" "reference.dtd">
<reference id="parameters" xml:lang="en-us">
  <title>Default values for externally modifiable parameters</title>
  <shortdesc>This topic lists the default values for externally modifiable 
    parameters.</shortdesc>
  <refbody>
    <section>
      <p>These default values can be changed at run time by using the 
        parameter-passing syntax of your XSLT processor (if it supports 
        command-line parameters). If your processor does not support 
        parameter-passing on the command line, copy the XSL directives you wish 
        to change into an override XSLT stylesheet, change the values as 
        needed, and import <i>dita2htmlImpl.xsl</i> at the top of this new 
        stylesheet. <i>dita2xhtml.xsl</i> is an example of an override 
        stylesheet that you can copy and modify as needed.</p>
      <simpletable relcolwidth="20* 60* 20*" scale="80">
        <sthead>
          <stentry>Parameter name</stentry>
          <stentry>Explanation</stentry>
          <stentry>Default value</stentry>
        </sthead>
        <strow>
          <stentry>dita-css</stentry>
          <stentry>Default CSS filename parameter, usually the name of your 
            site&apos;s overall stylesheet.</stentry>
          <stentry>
            <tt>commonltr.css</tt>
          </stentry>
        </strow>
        <strow>
          <stentry>bidi-dita-css</stentry>
          <stentry>Default CSS filename parameter for bi-direction language, 
            usually the name of your site&apos;s overall stylesheet.</stentry>
          <stentry>
            <tt>commonrtl.css</tt>
          </stentry>
        </strow>
        <strow>
          <stentry>CSS</stentry>
          <stentry>User&apos;s CSS filename parameter. <p>This can be the name 
            of a stylesheet used by one or more topics within an overall group. 
            This stylesheet can use the CSS cascade effect to modify existing 
            properties or it can override or define new 
            properties.</p></stentry>
          <stentry>
            <tt>null</tt>
          </stentry>
        </strow>
        <strow>
          <stentry>CSSPATH</stentry>
          <stentry>Default CSS path parameter.<p>This specifies a path for the 
            cascading style sheet (CSS). This allows you to place the CSS in 
            one place and have several different topics point to it. If no 
            CSSPATH is specified, the CSS is assumed to be in the same 
            directory as the XHTML.</p></stentry>
          <stentry>
            <tt>null</tt>
          </stentry>
        </strow>
        <strow>
          <stentry>HDF</stentry>
          <stentry>The name of the file which contains XHTML codes to be placed 
            in the HEAD area.</stentry>
          <stentry>
            <tt>null</tt>
          </stentry>
        </strow>
        <strow>
          <stentry>HDR</stentry>
          <stentry>The name of the file which contains XHTML codes to be placed 
            in the BODY running-heading area.</stentry>
          <stentry>
            <tt>null</tt>
          </stentry>
        </strow>
        <strow>
          <stentry>FTR</stentry>
          <stentry>The name of the file which contains XHTML codes to be placed 
            in the BODY running-footing area.</stentry>
          <stentry>
            <tt>null</tt>
          </stentry>
        </strow>
        <strow>
          <stentry>ARTLBL</stentry>
          <stentry>Default <b>output artwork filenames</b> processing 
            parameter; <tt>no</tt> and <tt>yes</tt> are valid values; any other 
            value is ignored.</stentry>
          <stentry>
            <tt>no</tt>
          </stentry>
        </strow>
        <strow>
          <stentry>DRAFT </stentry>
          <stentry>Default <b>hide draft &amp; cleanup content</b> processing 
            parameter (<tt>no</tt>= hide them); <tt>no</tt> and <tt>yes</tt> 
            are valid values; any other value is ignored.</stentry>
          <stentry>
            <tt>no</tt>
          </stentry>
        </strow>
        <strow>
          <stentry>INDEXSHOW</stentry>
          <stentry>Default <b>hide index entries</b> processing parameter 
            (<tt>no</tt> = hide them); <tt>no</tt> and <tt>yes</tt> are valid 
            values; any other value is ignored.</stentry>
          <stentry>
            <tt>no</tt>
          </stentry>
        </strow>
        <strow>
          <stentry>YEAR</stentry>
          <stentry>The year for the copyright.</stentry>
          <stentry>
            <tt>2005l</tt>
          </stentry>
        </strow>
        <strow>
          <stentry>OUTEXT</stentry>
          <stentry>Default <b>output extension</b> processing parameter; 
            <tt>htm</tt> and <tt>html</tt> are valid values.</stentry>
          <stentry>
            <tt>html</tt>
          </stentry>
        </strow>
        <strow>
          <stentry>WORKDIR</stentry>
          <stentry>The working directory, relative to the stylesheet, that 
            contains the document being transformed. Needed as a directory 
            prefix for the @conref and @href document() function 
            calls.</stentry>
          <stentry>
            <tt>./</tt>
          </stentry>
        </strow>
        <strow>
          <stentry>PATH2PROJ</stentry>
          <stentry>The path back to the project. Used for <i>c.gif</i>, 
            <i>delta.gif</i>, and <i>.css</i> files to allow users to have 
            these files in 1 location.</stentry>
          <stentry>
            <tt>null</tt>
          </stentry>
        </strow>
        <strow>
          <stentry>FILENAME</stentry>
          <stentry>The file name (file name and extension only - no path) of 
            the document being transformed. Needed to help form debugging 
            messages.<note type="note">This value is not inherent to the XSLT 
            processor; typically, when the transform starts, the input filename 
            will be passed to the processor&apos;s command line as a parameter. 
            Any resulting debugging messages will echo the file 
            name.</note></stentry>
          <stentry>
            <tt>null</tt>
          </stentry>
        </strow>
        <strow>
          <stentry>FILTERFILE</stentry>
          <stentry>The name of the file that contains filter/flagging/revision 
            information.</stentry>
          <stentry>
            <tt>null</tt>
          </stentry>
        </strow>
        <strow>
          <stentry>DBG</stentry>
          <stentry>Debug mode which enables XSL debugging XSL messages. Needed 
            to help form debugging messages. <tt>no</tt> and <tt>yes</tt> are 
            valid values; any other value is ignored.</stentry>
          <stentry>
            <tt>no</tt>
          </stentry>
        </strow>
        <strow>
          <stentry>DITAEXT</stentry>
          <stentry>DITAEXT file extension name of dita topic file.</stentry>
          <stentry>
            <tt>null</tt>
          </stentry>
        </strow>
      </simpletable>
      <p>For example, the following sample invocation shows how to turn on 
        draft mode using the Saxon XSLT processor:</p>
      <pre>c:pkg\dita12\doc&gt;java -jar &lt;saxon_dir>/saxon.jar abc.htm 
        dita-tweaks.xml ..\xsl\dita2htmlImpl.xsl DRAFT=yes</pre>
      <p>The effect of this parameter will be to show the content of all 
        <codeph>&lt;draft-comment&gt;</codeph> and 
        <codeph>&lt;required-cleanup&gt;</codeph> elements with highly visible 
        styling for use by reviewers.</p>
      <note type="note">To invoke a process using parameters, please check the 
        documentation for your XSLT processor. Most current XSLT 1.0 processors 
        support a non-standard command line interface for parameters. </note>
      <note type="note">Parametric tweaks cannot be applied from internal 
        stylesheet links (that is, the <codeph>&lt;?xml-stylesheet 
        ...?&gt;</codeph> processing instruction) as such associations do not 
        provide a way to pass parameters, even if a browser-specific renderer 
        is capable of using such data. To cause a browser-based view to show 
        something ordinarily affected by a command-line parameter, such as the 
        DRAFT=&quot;yes&quot; effect, embed the alternative value directly in 
        the override stylesheet that is named in the stylesheet processing 
        instruction:<pre>&lt;xsl:param name=&quot;DRAFT&quot; 
        select=&quot;&apos;yes&apos;&quot;/&gt;</pre></note>
    </section>
  </refbody>
</reference>