<?xml version="1.0" encoding="utf-8"?>
<!-- (c) Copyright IBM Corp. 2004, 2005 All Rights Reserved. -->

<!DOCTYPE reference PUBLIC "-//IBM//DTD DITA Reference//EN" "reference.dtd">
<reference id="stubs" xml:lang="en-us">
  <title>Stubs for user-provided override extensions</title>
  <shortdesc>The <i>dita2htmlImpl.xsl</i> stylesheet provides code stubs that 
    extend the appearance of your HTML result document. If you copy these stubs 
    into your override stylesheet and provide your own code within them, the 
    result content will be pasted into appropriate parts of the overall HTML 
    page.</shortdesc>
  <refbody>
    <section>
      <p>Regions that can be modified by these stubs include header, footer, 
        topic-top blurbs (a common location for mini-contents boxes), 
        self-contained scripts (such as JavaScript used commonly for DHTML 
        support), self-contained styles, <ph>flagging based on property value 
        matches, </ph>panel titles and prefixes for panel titles (to 
        auto-generate explicit bookmarks for your users). See the section of 
        <i>dita2htmlImpl.xsl</i> called <b>start of override stubs</b> for the 
        examples of mostly empty stubs that you can modify.</p>
      <p>For example, copy the following template rule into an override file, 
        such as a copy of <i>dita2xhtml.xsl</i>, to generate a mini table of 
        contents at the top of a topic that directly nests child topics:</p>
      <pre scale="70"> &lt;!-- override for main stub --&gt; &lt;xsl:template 
        name=&quot;gen-user-sidetoc&quot;&gt; &lt;!-- if there are nested 
        topics... --&gt; &lt;xsl:if 
        test=&quot;descendant::*[contains(@class,&apos; topic/topic 
        &apos;)]&quot;&gt; &lt;p&gt; &lt;table width=&quot;150&quot; 
        align=&quot;right&quot; border=&quot;1&quot; frame=&quot;box&quot; 
        rules=&quot;none&quot;&gt; &lt;tr&gt;&lt;td height=&quot;5&quot; 
        bgcolor=&quot;#0033CC&quot; align=&quot;center&quot;&gt; 
        &lt;b&gt;&lt;font 
        color=&quot;#FFFFFF&quot;&gt;Contents:&lt;/font&gt;&lt;/b&gt;&lt;/td&gt; 
        &lt;/tr&gt; &lt;xsl:for-each 
        select=&quot;descendant::*[contains(@class,&apos; topic/topic 
        &apos;)]&quot;&gt; &lt;xsl:variable 
        name=&quot;ttext&quot;&gt;&lt;xsl:value-of 
        select=&quot;*[contains(@class,&apos; topic/title 
        &apos;)]&quot;/&gt;&lt;/xsl:variable&gt; &lt;tr&gt;&lt;td 
        class=&quot;toc&quot;&gt;- &lt;a 
        href=&quot;#{generate-id()}&quot;&gt;&lt;xsl:value-of 
        select=&quot;$ttext&quot;/&gt;&lt;/a&gt; &lt;!--recursive call for 
        subtopics here&quot;/--&gt; &lt;/td&gt;&lt;/tr&gt; 
        &lt;/xsl:for-each&gt; &lt;/table&gt; &lt;/p&gt; &lt;/xsl:if&gt; 
        &lt;/xsl:template&gt; </pre>
      <note type="remember"> Do your modifications on the copies of stylesheets 
        so that you can turn back on the original!</note>
    </section>
  </refbody>
</reference>