<?xml version='1.0' encoding='UTF-8'?>
<!-- (c) Copyright IBM Corp. 2004, 2005 All Rights Reserved. -->

<!DOCTYPE concept PUBLIC "-//IBM//DTD DITA Concept//EN" "concept.dtd">
<concept id="preprocessarch">
  <title>DITA pre-processing architecture</title>
  <shortdesc>This document describes the different steps in preprocessing for 
    DITA topics.</shortdesc>
  <conbody>
    <p>The DITA Toolkit implements a two-pass, map-driven architecture that 
      resolves any conditional properties and content references on the first 
      pass, then applies transformations to the normalized files on the second 
      pass. The stages of this pre-processing pipeline are described below.</p>
    <section>
      <title>genlist: generate list files of map and topic</title>
      <p>Pass the files and generate list files that may be needed by other 
        activity.<i>(Implemented by ANT extension with Java.)</i></p>
    </section>
    <section>
      <title>filtering:</title>
      <p>Filter the source files according to the input 
        <filepath>.ditaval</filepath> file. Based on the specified action, 
        either flag or exclude the content according to the %select-atts. 
        <i>(Implemented by ANT extension with Java.)</i></p>
    </section>
    <section>
      <title>insert debug information (merged into filtering):</title>
      <p>Add @xtrf and @xtrc attribute with proper values into each 
        element.<i>(Implemented by ANT extension with Java.)</i></p>
      <p>
        <i>The output of this step is directed to a temp directory.</i>
      </p>
    </section>
    <section>
      <title>adjust column names of table (merged into conref resolve 
        activity):</title>
      <p>Adjust all of the column names of the tables to &quot;col1, col2, col3 
        ...&quot; to enable conref between tables.<i>(Implemented by ANT 
        extension with Java.)</i></p>
      <p>
        <i>The colname attribute is adjusted in the content that was conrefed 
          during the process of resolving conref.</i>
      </p>
    </section>
    <section>
      <title>move index entries:</title>
      <p>Move the index entries contained in the &lt;topicmeta&gt; tag into the 
        relevant topics referred to in the ditamap.<i>(Implemented by ANT 
        extension with Java.)</i></p>
    </section>
    <section>
      <title>resolve conref:</title>
      <p>Pass all the files which used conref and resolve the 
        conref.<i>(Implemented by XSL-T)</i></p>
    </section>
    <section>
      <title>mappull:</title>
      <p>Pull the navtitle and topicmeta from topics to ditamap<i>(Implemented 
        by XSL-T)</i></p>
    </section>
    <section>
      <title>topicpull:</title>
      <p>Pull metadata for &lt;link&gt; and &lt;xref&gt; element<i>(Implemented 
        by XSL-T)</i></p>
    </section>
    <section>
      <title>maplink:</title>
      <p>Find and generate related link information into maplinks.unordered for 
        every topic referred to in the ditamap <i>(Implemented by XSL-T)</i></p>
    </section>
    <section>
      <title>movelink:</title>
      <p>Move the related link information from the maplinks.unordered to every 
        topic <i>(Implemented in ANT extension with Java)</i></p>
    </section>
    <section>
      <image href="preprocess.gif"/>
    </section>
  </conbody>
</concept>