<?xml version="1.0" encoding="utf-8"?>
<!-- (c) Copyright IBM Corp. 2004, 2005 All Rights Reserved. -->

<!DOCTYPE task PUBLIC "-//IBM//DTD DITA Task//EN" "task.dtd">
 
<task id="mapref" xml:lang="en-us">
  <title>Mapref</title>
  <shortdesc>Mapref refers to a special usage of the <tt>&lt;topicref&gt;</tt> 
    element as a reference to another ditamap file. This allows you to manage 
    the overall ditamap file more easily. A large ditamap file can thus be 
    broken down into several ditamap files, making it easier for the user to 
    manage the overall logical structure. On the other hand, this mechanism 
    also increases the reusability of those ditamap files.</shortdesc>
  <taskbody>
    <context>You can create references to another ditamap file by setting the 
      format attribute as follows.<note>This usage is so-called 
      <tt>mapref</tt>. But in fact, there is no <tt>&lt;mapref&gt;</tt> element 
      in use.</note></context>
    <steps>
      <step>
        <cmd>Add a <tt>&lt;topicref&gt;</tt> element to your map.</cmd>
      </step>
      <step>
        <cmd>Define the location of the target ditamap file in the href 
          attribute. The href takes a standard URL format. Typically it is a 
          relative path to the file. </cmd>
      </step>
      <step>
        <cmd>Set format="ditamap".</cmd>
      </step>
      <step>
        <cmd>Add a navigation title in the navtitle attribute. </cmd>
      </step>
    </steps>
    <example>
      <p>For example, if you want to create a reference to the 
        <i>samples/mysamp.ditamap</i> file using <tt>sample ditamap</tt> as the 
        navigation title, add the following codes into the 
        <i>readme.ditamap</i> file.</p>
      <p>
        <codeblock>&lt;topicref format="ditamap" href="sample\mysample.ditamap" navtitle="sample ditamap"&gt; </codeblock>
      </p>
      <p>Now the complete content of the <i>readme.ditamap</i> file is shown as 
        follows.
        <codeblock>
&lt;?xml version="1.0" encoding="utf-8"?&gt;           
&lt;!DOCTYPE map PUBLIC "-//OASIS//DTD DITA Map//EN" "map.dtd"&gt;
&lt;map id="mainDITAreadme" title="DITA Readme map"&gt;
  &lt;topicref collection-type="family" href="DITA-readme.xml" id="DITA-doc" 
           locktitle="yes" navtitle="DITA-OT Introduction"&gt; 
    &lt;topicref href="DITA-changes.xml" navtitle="DITA release history"/&gt;
    &lt;topicref format="ditamap" href="sample\mysample.ditamap" navtitle="sample ditamap"/&gt;
  &lt;/topicref&gt;
&lt;/map&gt; 
        </codeblock>
      </p>
      <p>If, for example, the content of the <i>mysample.ditamap</i> is shown as follows,</p>
      <p>
        <codeblock>
&lt;?xml version="1.0" encoding="utf-8"?&gt; 
&lt;!DOCTYPE map PUBLIC "-//OASIS//DTD DITA Map//EN" "map.dtd"&gt; 
&lt;map id="samplemap" title="Sample Ditamap"&gt; 
  &lt;topicref href="..\DITA-futures.xml" navtitle="DITA futures"/&gt;
  &lt;topicref href="..\DITA-installation.xml" navtitle="Installation"/&gt;
&lt;/map&gt; 
        </codeblock>
      </p>
      <p>then the <i>readme.ditamap</i> file can be equivalently expressed by 
        the following codes:</p>
      <p>
        <codeblock>
&lt;?xml version="1.0" encoding="utf-8"?&gt; 
&lt;!DOCTYPE map PUBLIC "-//OASIS//DTD DITA Map//EN" "map.dtd"&gt; 
&lt;map id="mainDITAreadme" title="DITA Readme map"&gt; 
  &lt;topicref collection-type="family" href="DITA-readme.xml" 
           id="DITA-doc" locktitle="yes" navtitle="DITA-OT Introduction"&gt;
    &lt;topicref href="DITA-changes.xml" navtitle="DITA release history"/&gt; 
    &lt;topicref href="DITA-futures.xml" navtitle="DITA futures"/&gt; 
    &lt;topicref href="DITA-installation.xml" navtitle="Installation"/&gt;
  &lt;/topicref&gt; 
&lt;/map&gt; 
        </codeblock>
      </p>
    </example>
  </taskbody>
</task>