<?xml version='1.0' encoding='utf-8'?>
<!-- (C) Copyright IBM Corporation 2001, 2005. All Rights Reserved.


 *-->
<?xml-stylesheet href="../../xsl/dita2html_shell.xsl" type="text/xsl"?>
<!DOCTYPE reference PUBLIC "-//IBM//DTD DITA Reference//EN" "../../dtd/reference.dtd" []>
<reference id="apiname" xml:lang="en-us">
   <title>
      <keyword>apiname</keyword>
   </title>
   <shortdesc>The &lt;<keyword>apiname</keyword>&gt; element provides the name of
an application programming interface (API) such as a Java class name or method
name. This element is part of the DITA programming domain, a special set of
DITA elements designed to document programming tasks, concepts and reference
information.</shortdesc>
   <prolog>
      <metadata>
         <keywords>
            <indexterm>apiname<indexterm>application programming interface
name</indexterm>
            </indexterm>
            <indexterm>application programming interface
name</indexterm>
            <indexterm>application programming interface,
name</indexterm>
            <indexterm>Domain elements<indexterm>apiname</indexterm>
            </indexterm>
            <indexterm>apiname</indexterm>
         </keywords>
      </metadata>
   </prolog>
   <refbody>
      <refsyn>
         <title>Contained by</title>The same contexts as <xref href="keyword.xml">keyword</xref>
      </refsyn>
      <refsyn>
         <title>Contains</title> text data </refsyn>
      <section>
         <title>Attributes</title>
         <simpletable relcolwidth="2* 3* 1* 1* 1*" id="apiname_attr">
            <sthead>
               <stentry>Name</stentry>
               <stentry>Description</stentry>
               <stentry>Data Type</stentry>
               <stentry>Default Value</stentry>
               <stentry>Required?</stentry>
            </sthead>
            <strow conref="commonLRdefs.xml#commonLRdefs/keyref">
               <stentry/>
               <stentry/>
               <stentry/>
               <stentry/>
               <stentry/>
            </strow>
            <strow conref="commonLRdefs.xml#commonLRdefs/univ-atts">
               <stentry/>
               <stentry/>
               <stentry/>
               <stentry/>
               <stentry/>
            </strow>
            <strow conref="commonLRdefs.xml#commonLRdefs/outputclass">
               <stentry/>
               <stentry/>
               <stentry/>
               <stentry/>
               <stentry/>
            </strow>
            <strow conref="commonLRdefs.xml#commonLRdefs/global-atts">
               <stentry/>
               <stentry/>
               <stentry/>
               <stentry/>
               <stentry/>
            </strow>
            <strow conref="commonLRdefs.xml#commonLRdefs/class">
               <stentry/>
               <stentry/>
               <stentry/>
               <stentry/>
               <stentry/>
            </strow>
         </simpletable>
      </section>
      <example>
         <codeblock>&lt;p&gt;Use the &lt;apiname&gt;document.write&lt;/apiname&gt; method to create text 
output in the dynamically constructed view.&lt;/p&gt;</codeblock>
      </example>
   </refbody>
</reference>