<?xml version='1.0' encoding='utf-8'?>
<!-- (C) Copyright IBM Corporation 2001, 2005. All Rights Reserved.


 *-->
<?xml-stylesheet href="../../xsl/dita2html_shell.xsl" type="text/xsl"?>
<!DOCTYPE reference PUBLIC "-//IBM//DTD DITA Reference//EN" "../../dtd/reference.dtd" []>
<reference id="area">
  <title>area</title>
  <shortdesc>The area element supports the basic functionality of the HTML image map markup.</shortdesc>
  <refbody>
    <section><title>Contains</title><xref href="shape.xml" format="xml">shape</xref> (required), <xref href="coords.xml" format="xml">coords</xref> (required)</section>
    <section class="- topic/section "><title>Contained by</title>Allowed in the same contexts as fig.</section>
    <section class="- topic/section "><title>Attributes</title>Same as for figgroup.</section>
    <section class="- topic/section "><title>Examples</title>See imagemap</section>
  </refbody>
</reference>

