<?xml version='1.0' encoding='utf-8'?>
<!-- (C) Copyright IBM Corporation 2001, 2005. All Rights Reserved.


 *-->
<?xml-stylesheet href="../../xsl/dita2html_shell.xsl" type="text/xsl"?>
<!DOCTYPE reference PUBLIC "-//IBM//DTD DITA Reference//EN" "../../dtd/reference.dtd" []>
<reference id="b" xml:lang="en-us">
   <title>
      <keyword>b</keyword>
   </title>
   <shortdesc>The bold (&lt;<keyword>b</keyword>&gt;) element is used to apply bold highlighting
to the content of the element. Use this element only when there is not some
other more proper tag. For example, for specific items such as GUI controls,
use the <ph>
         <xref href="uicontrol.xml">uicontrol</xref>
      </ph> tag.
 This element is part of the DITA highlighting domain.</shortdesc>
   <prolog>
      <metadata>
         <keywords>
            <indexterm>b (bold)</indexterm>
            <indexterm>bold
(b)</indexterm>
            <indexterm>Domain elements<indexterm>b (bold)</indexterm>
            </indexterm>
            <indexterm>b (bold)</indexterm>
         </keywords>
      </metadata>
   </prolog>
   <refbody>
      <refsyn>
         <title>Contained by</title>All contexts where <xref href="ph.xml">ph</xref> is
valid.</refsyn>
      <refsyn>
         <title>Contains</title> text data or <xref href="ph.xml">ph</xref> or <xref href="term.xml">term</xref> or <xref href="xref.xml">xref</xref> or <xref href="cite.xml">cite</xref> or <xref href="q.xml">q</xref> or <xref href="boolean.xml">boolean</xref> or <xref href="state.xml">state</xref> or <xref href="keyword.xml">keyword</xref> or <xref href="tm.xml">tm</xref>
      </refsyn>
      <section>
         <title>Attributes</title>
         <simpletable relcolwidth="2* 3* 1* 1* 1*" id="b_attr">
            <sthead>
               <stentry>Name</stentry>
               <stentry>Description</stentry>
               <stentry>Data Type</stentry>
               <stentry>Default Value</stentry>
               <stentry>Required?</stentry>
            </sthead>
            <strow conref="commonLRdefs.xml#commonLRdefs/univ-atts">
               <stentry/>
               <stentry/>
               <stentry/>
               <stentry/>
               <stentry/>
            </strow>
            <strow conref="commonLRdefs.xml#commonLRdefs/global-atts">
               <stentry/>
               <stentry/>
               <stentry/>
               <stentry/>
               <stentry/>
            </strow>
            <strow conref="commonLRdefs.xml#commonLRdefs/class">
               <stentry/>
               <stentry/>
               <stentry/>
               <stentry/>
               <stentry/>
            </strow>
         </simpletable>
      </section>
      <example>
         <codeblock>&lt;p&gt;&lt;b&gt;STOP!&lt;/b&gt; This is &lt;b&gt;very&lt;/b&gt; important!&lt;/p&gt;</codeblock>
      </example>
   </refbody>
</reference>