<?xml version='1.0' encoding='utf-8'?>
<!-- (C) Copyright IBM Corporation 2001, 2005. All Rights Reserved.


 *-->
<?xml-stylesheet href="../../xsl/dita2html_shell.xsl" type="text/xsl"?>
<!DOCTYPE reference PUBLIC "-//IBM//DTD DITA Reference//EN" "../../dtd/reference.dtd" []>
<reference id="body" xml:lang="en-us">
   <title>
      <keyword>body</keyword>
   </title>
   <shortdesc>The &lt;<keyword>body</keyword>&gt; element is the container for
the main content of a &lt;<keyword>topic</keyword>&gt;.</shortdesc>
   <prolog>
      <metadata>
         <keywords>
            <indexterm>body</indexterm>
            <indexterm>topic
body</indexterm>
            <indexterm>Topic elements<indexterm>body</indexterm>
            </indexterm>
            <indexterm>body</indexterm>
         </keywords>
      </metadata>
   </prolog>
   <refbody>
      <section/>
      <refsyn>
         <title>Contained by</title>
         <xref href="topic.xml">topic</xref>
      </refsyn>
      <refsyn>
         <title>Contains</title>
         <xref href="p.xml">p</xref> or <xref href="lq.xml">lq</xref> or <xref href="note.xml">note</xref> or <xref href="dl.xml">dl</xref> or <xref href="ul.xml">ul</xref> or <xref href="ol.xml">ol</xref> or <xref href="sl.xml">sl</xref> or <xref href="pre.xml">pre</xref> or <xref href="lines.xml">lines</xref> or <xref href="fig.xml">fig</xref> or <xref href="image.xml">image</xref> or <xref href="object.xml">object</xref> or <xref href="table.xml">table</xref> or <xref href="simpletable.xml">simpletable</xref> or <xref href="required-cleanup.xml">required-cleanup</xref> or <xref href="section.xml">section</xref> or <xref href="example.xml">example</xref>
      </refsyn>
      <section>
         <title>Attributes</title>
         <simpletable relcolwidth="2* 3* 1* 1* 1*" id="body_attr">
            <sthead>
               <stentry>Name</stentry>
               <stentry>Description</stentry>
               <stentry>Data Type</stentry>
               <stentry>Default Value</stentry>
               <stentry>Required?</stentry>
            </sthead>
            <strow conref="commonLRdefs.xml#commonLRdefs/outputclass">
               <stentry/>
               <stentry/>
               <stentry/>
               <stentry/>
               <stentry/>
            </strow>
            <strow conref="commonLRdefs.xml#commonLRdefs/global-atts">
               <stentry/>
               <stentry/>
               <stentry/>
               <stentry/>
               <stentry/>
            </strow>
            <strow conref="commonLRdefs.xml#commonLRdefs/class">
               <stentry/>
               <stentry/>
               <stentry/>
               <stentry/>
               <stentry/>
            </strow>
         </simpletable>
      </section>
      <example>
         <codeblock>&lt;topic&gt;
&lt;title&gt;...&lt;/title&gt;
&lt;prolog&gt;...&lt;/prolog&gt; 
&lt;body&gt; ... ... &lt;/body&gt; 
&lt;/topic&gt; </codeblock>
      </example>
   </refbody>
</reference>