<?xml version='1.0' encoding='utf-8'?>
<!-- (C) Copyright IBM Corporation 2001, 2005. All Rights Reserved.


 *-->
<?xml-stylesheet href="../../xsl/dita2html_shell.xsl" type="text/xsl"?>
<!DOCTYPE reference PUBLIC "-//IBM//DTD DITA Reference//EN" "../../dtd/reference.dtd" []>
<reference id="boolean" xml:lang="en-us">
   <title>
      <keyword>boolean</keyword>
   </title>
   <shortdesc>The &lt;<keyword>boolean</keyword>&gt; element is used to express
one of two opposite values, such as yes or no, on or off, true or false, high
or low, and so forth. The element itself is empty; the value
of the element is stored in its <i>
         
         
         <keyword>state</keyword>
      
      
      </i> attribute,
and the semantic associated with the value is typically in a specialized name
derived from this element. If you need more than two values (for example,
"yes," "no" and "don't care") use the <ph>
         <xref href="state.xml">&lt;<keyword>state</keyword>&gt;</xref>
      </ph> element
instead. This element is primarily for specialization, where it can be used
to require a logical true or false designation in a particular part of the
document.</shortdesc>
   <prolog>
      <metadata>
         <keywords>
            <indexterm>boolean (logical yes/no)</indexterm>
            <indexterm>logical
yes/no (boolean)</indexterm>
            <indexterm>Specialization elements<indexterm>boolean</indexterm>
            </indexterm>
            <indexterm>boolean</indexterm>
         </keywords>
      </metadata>
   </prolog>
   <refbody>
      <section/>
      <refsyn>
         <title>Contained by</title>
         <xref href="title.xml">title</xref> ,  <xref href="shortdesc.xml">shortdesc</xref> ,  <xref href="section.xml">section</xref> ,
 <xref href="example.xml">example</xref> ,  <xref href="desc.xml">desc</xref> ,  <xref href="p.xml">p</xref> ,  <xref href="note.xml">note</xref> ,  <xref href="lq.xml">lq</xref> ,
 <xref href="q.xml">q</xref> ,  <xref href="sli.xml">sli</xref> ,
 <xref href="li.xml">li</xref> ,  <xref href="itemgroup.xml">itemgroup</xref> ,  <xref href="dthd.xml">dthd</xref> ,
 <xref href="ddhd.xml">ddhd</xref> ,  <xref href="dt.xml">dt</xref> ,
 <xref href="dd.xml">dd</xref> ,  <xref href="pre.xml">pre</xref> ,
 <xref href="lines.xml">lines</xref> ,  <xref href="ph.xml">ph</xref> ,  <xref href="stentry.xml">stentry</xref> ,
 <xref href="draft-comment.xml">draft-comment</xref> ,  <xref href="fn.xml">fn</xref> ,  <xref href="cite.xml">cite</xref> ,
 <xref href="xref.xml">xref</xref> ,  <xref href="linkinfo.xml">linkinfo</xref> ,  <xref href="entry.xml">entry</xref> ,
 <xref href="prereq.xml">prereq</xref> ,  <xref href="context.xml">context</xref> ,  <xref href="cmd.xml">cmd</xref> ,
 <xref href="info.xml">info</xref> ,  <xref href="tutorialinfo.xml">tutorialinfo</xref> ,  <xref href="stepxmp.xml">stepxmp</xref> ,
 <xref href="choice.xml">choice</xref> ,  <xref href="choptionhd.xml">choptionhd</xref> ,  <xref href="chdeschd.xml">chdeschd</xref> ,
 <xref href="choption.xml">choption</xref> ,  <xref href="chdesc.xml">chdesc</xref> ,  <xref href="stepresult.xml">stepresult</xref> ,
 <xref href="result.xml">result</xref> ,  <xref href="postreq.xml">postreq</xref> ,  <xref href="refsyn.xml">refsyn</xref> ,
 <xref href="proptype.xml">proptype</xref> ,  <xref href="propvalue.xml">propvalue</xref> ,  <xref href="propdesc.xml">propdesc</xref> ,
 <xref href="screen.xml">screen</xref> ,  <xref href="b.xml">b</xref> ,  <xref href="u.xml">u</xref> ,  <xref href="i.xml">i</xref> ,  <xref href="tt.xml">tt</xref> ,
 <xref href="sup.xml">sup</xref> ,  <xref href="sub.xml">sub</xref> ,
 <xref href="codeph.xml">codeph</xref> ,  <xref href="codeblock.xml">codeblock</xref> ,  <xref href="pt.xml">pt</xref> ,
 <xref href="pd.xml">pd</xref> ,  <xref href="fragref.xml">fragref</xref> ,  <xref href="synnote.xml">synnote</xref>
      </refsyn>
      <refsyn>
         <title>Contains</title> no content</refsyn>
      <section>
         <title>Attributes</title>
         <simpletable relcolwidth="2* 3* 1* 1* 1*" id="boolean_attr">
            <sthead>
               <stentry>Name</stentry>
               <stentry>Description</stentry>
               <stentry>Data Type</stentry>
               <stentry>Default Value</stentry>
               <stentry>Required?</stentry>
            </sthead>
            <strow conref="commonLRdefs.xml#commonLRdefs/state">
               <stentry/>
               <stentry/>
               <stentry/>
               <stentry/>
               <stentry/>
            </strow>
            <strow conref="commonLRdefs.xml#commonLRdefs/univ-atts">
               <stentry/>
               <stentry/>
               <stentry/>
               <stentry/>
               <stentry/>
            </strow>
            <strow conref="commonLRdefs.xml#commonLRdefs/outputclass">
               <stentry/>
               <stentry/>
               <stentry/>
               <stentry/>
               <stentry/>
            </strow>
            <strow conref="commonLRdefs.xml#commonLRdefs/global-atts">
               <stentry/>
               <stentry/>
               <stentry/>
               <stentry/>
               <stentry/>
            </strow>
            <strow conref="commonLRdefs.xml#commonLRdefs/class">
               <stentry/>
               <stentry/>
               <stentry/>
               <stentry/>
               <stentry/>
            </strow>
         </simpletable>
      </section>
      <example>
         <pre>She said "&lt;boolean state="yes"/&gt;" when I asked her to marry me!</pre>
      </example>
   </refbody>
</reference>