<?xml version='1.0' encoding='utf-8'?>
<!-- (C) Copyright IBM Corporation 2001, 2005. All Rights Reserved.


 *-->
<?xml-stylesheet href="../../xsl/dita2html_shell.xsl" type="text/xsl"?>
<!DOCTYPE reference PUBLIC "-//IBM//DTD DITA Reference//EN" "../../dtd/reference.dtd" []>
<reference id="brand" xml:lang="en-us">
   <title>
      <keyword>brand</keyword>
   </title>
   <shortdesc>The &lt;<keyword>brand</keyword>&gt; element indicates the manufacturer
or brand associated with the product described by the parent  <ph>
         <xref href="prodinfo.xml">&lt;<keyword>prodinfo</keyword>&gt;</xref>
      </ph> element.</shortdesc>
   <prolog>
      <metadata>
         <keywords>
            <indexterm>brand</indexterm>
            <indexterm>Prolog
elements<indexterm>brand</indexterm>
            </indexterm>
            <indexterm>brand</indexterm>
         </keywords>
      </metadata>
   </prolog>
   <refbody>
      <refsyn>
         <title>Contained by</title>
         <xref href="prodinfo.xml">prodinfo</xref>
      </refsyn>
      <refsyn>
         <title>Contains</title> text data </refsyn>
      <section>
         <title>Attributes</title>
         <simpletable relcolwidth="2* 3* 1* 1* 1*" id="brand_attr">
            <sthead>
               <stentry>Name</stentry>
               <stentry>Description</stentry>
               <stentry>Data Type</stentry>
               <stentry>Default Value</stentry>
               <stentry>Required?</stentry>
            </sthead>
            <strow conref="commonLRdefs.xml#commonLRdefs/global-atts">
               <stentry/>
               <stentry/>
               <stentry/>
               <stentry/>
               <stentry/>
            </strow>
            <strow conref="commonLRdefs.xml#commonLRdefs/class">
               <stentry/>
               <stentry/>
               <stentry/>
               <stentry/>
               <stentry/>
            </strow>
         </simpletable>
      </section>
      <example>
         <codeblock>&lt;prodinfo&gt;
&lt;prodname&gt;...&lt;/prodname&gt;
&lt;vrmlist&gt;
&lt;brand&gt;eServer&lt;/brand&gt;
&lt;series&gt;iSeries&lt;/series&gt;
&lt;opsys&gt;Linux&lt;/opsys&gt;
&lt;/vrmlist&gt;
&lt;/prodinfo&gt; </codeblock>
      </example>
   </refbody>
</reference>