<?xml version='1.0' encoding='utf-8'?>
<!-- (C) Copyright IBM Corporation 2001, 2005. All Rights Reserved.


 *-->
<?xml-stylesheet href="../../xsl/dita2html_shell.xsl" type="text/xsl"?>
<!DOCTYPE reference PUBLIC "-//IBM//DTD DITA Reference//EN" "../../dtd/reference.dtd" []>
<reference id="chdesc" xml:lang="en-us">
   <title>
      <keyword>chdesc</keyword>
   </title>
   <shortdesc>The &lt;<keyword>chdesc</keyword>&gt; element is a description
of an option that a user chooses while performing a step to accomplish a task.
It explains why the user would choose that option, and might explain the result
of the choice when it is not immediately obvious.</shortdesc>
   <prolog>
      <metadata>
         <keywords>
            <indexterm>chdesc (choice
option description)</indexterm>
            <indexterm>Task elements<indexterm>chdesc</indexterm>
            </indexterm>
            <indexterm>chdesc</indexterm>
         </keywords>
      </metadata>
   </prolog>
   <refbody>
      <refsyn>
         <title>Contained by</title>
         <xref href="chrow.xml">chrow</xref>
      </refsyn>
      <refsyn>
         <title>Contains</title> text data or <xref href="ph.xml">ph</xref> or <xref href="term.xml">term</xref> or <xref href="xref.xml">xref</xref> or <xref href="cite.xml">cite</xref> or <xref href="q.xml">q</xref> or <xref href="boolean.xml">boolean</xref> or <xref href="state.xml">state</xref> or <xref href="keyword.xml">keyword</xref> or <xref href="tm.xml">tm</xref> or <xref href="p.xml">p</xref> or <xref href="lq.xml">lq</xref> or <xref href="note.xml">note</xref> or <xref href="dl.xml">dl</xref> or <xref href="ul.xml">ul</xref> or <xref href="ol.xml">ol</xref> or <xref href="sl.xml">sl</xref> or <xref href="pre.xml">pre</xref> or <xref href="lines.xml">lines</xref> or <xref href="fig.xml">fig</xref> or <xref href="image.xml">image</xref> or <xref href="object.xml">object</xref> or <xref href="draft-comment.xml">draft-comment</xref> or <xref href="required-cleanup.xml">required-cleanup</xref> or <xref href="fn.xml">fn</xref> or <xref href="indextermref.xml">indextermref</xref> or <xref href="indexterm.xml">indexterm</xref>
      </refsyn>
      <section>
         <title>Attributes</title>
         <simpletable relcolwidth="2* 3* 1* 1* 1*" id="chdesc_attr">
            <sthead>
               <stentry>Name</stentry>
               <stentry>Description</stentry>
               <stentry>Data Type</stentry>
               <stentry>Default Value</stentry>
               <stentry>Required?</stentry>
            </sthead>
            <strow conref="commonLRdefs.xml#commonLRdefs/univ-atts">
               <stentry/>
               <stentry/>
               <stentry/>
               <stentry/>
               <stentry/>
            </strow>
            <strow conref="commonLRdefs.xml#commonLRdefs/specentry">
               <stentry/>
               <stentry/>
               <stentry/>
               <stentry/>
               <stentry/>
            </strow>
            <strow conref="commonLRdefs.xml#commonLRdefs/outputclass">
               <stentry/>
               <stentry/>
               <stentry/>
               <stentry/>
               <stentry/>
            </strow>
            <strow conref="commonLRdefs.xml#commonLRdefs/global-atts">
               <stentry/>
               <stentry/>
               <stentry/>
               <stentry/>
               <stentry/>
            </strow>
            <strow conref="commonLRdefs.xml#commonLRdefs/class">
               <stentry/>
               <stentry/>
               <stentry/>
               <stentry/>
               <stentry/>
            </strow>
         </simpletable>
      </section>
      <example>
         <pre>&lt;step&gt;&lt;cmd&gt;Then this&lt;/cmd&gt;
 &lt;substeps&gt;
  &lt;substep importance="optional"&gt;&lt;cmd&gt;which is done by doing this&lt;/cmd&gt;&lt;/substep&gt;
  &lt;substep importance="required"&gt;&lt;cmd&gt;and then this.&lt;/cmd&gt;&lt;/substep&gt;
 &lt;/substeps&gt;
 &lt;choicetable&gt;
  &lt;chrow&gt;&lt;choption&gt;Do this&lt;/choption&gt;
     <b>&lt;chdesc&gt;</b>and this will happen<b>&lt;/chdesc&gt;</b>&lt;/chrow&gt;
  &lt;chrow&gt;&lt;choption&gt;Do that&lt;/choption&gt;
     <b>&lt;chdesc&gt;</b>and that will happen<b>&lt;/chdesc&gt;</b>&lt;/chrow&gt;
 &lt;/choicetable&gt;
&lt;/step&gt;
</pre>
      </example>
   </refbody>
</reference>