<?xml version='1.0' encoding='utf-8'?>
<!-- (C) Copyright IBM Corporation 2001, 2005. All Rights Reserved.


 *-->
<?xml-stylesheet href="../../xsl/dita2html_shell.xsl" type="text/xsl"?>
<!DOCTYPE reference PUBLIC "-//IBM//DTD DITA Reference//EN" "../../dtd/reference.dtd" []>
<reference id="choicetable" xml:lang="en-us">
   <title>
      <keyword>choicetable</keyword>
   </title>
   <shortdesc>The &lt;<keyword>choicetable</keyword>&gt; element contains a series of optional
choices available within a step of a task.</shortdesc>
   <prolog>
      <metadata>
         <keywords>
            <indexterm>choicetable</indexterm>
            <indexterm>Task
elements<indexterm>choicetable</indexterm>
            </indexterm>
            <indexterm>choicetable</indexterm>
         </keywords>
      </metadata>
   </prolog>
   <refbody>
      <refsyn>
         <title>Contained by</title>
         <xref href="step.xml">step</xref>
      </refsyn>
      <refsyn>
         <title>Contains</title> ( <xref href="chhead.xml">chhead</xref> ) (optional)
then ( <xref href="chrow.xml">chrow</xref> ) (one or more) </refsyn>
      <section>
         <title>Attributes</title>
         <simpletable relcolwidth="2* 3* 1* 1* 1*" id="choicetable_attr">
            <sthead>
               <stentry>Name</stentry>
               <stentry>Description</stentry>
               <stentry>Data Type</stentry>
               <stentry>Default Value</stentry>
               <stentry>Required?</stentry>
            </sthead>
            <strow conref="commonLRdefs.xml#commonLRdefs/relcolwidth">
               <stentry/>
               <stentry/>
               <stentry/>
               <stentry/>
               <stentry/>
            </strow>
            <strow conref="commonLRdefs.xml#commonLRdefs/keycol">
               <stentry/>
               <stentry/>
               <stentry/>
               <stentry/>
               <stentry/>
            </strow>
            <strow conref="commonLRdefs.xml#commonLRdefs/refcols">
               <stentry/>
               <stentry/>
               <stentry/>
               <stentry/>
               <stentry/>
            </strow>
            <strow conref="commonLRdefs.xml#commonLRdefs/display-atts">
               <stentry/>
               <stentry/>
               <stentry/>
               <stentry/>
               <stentry/>
            </strow>
            <strow conref="commonLRdefs.xml#commonLRdefs/univ-atts">
               <stentry/>
               <stentry/>
               <stentry/>
               <stentry/>
               <stentry/>
            </strow>
            <strow conref="commonLRdefs.xml#commonLRdefs/spectitle">
               <stentry/>
               <stentry/>
               <stentry/>
               <stentry/>
               <stentry/>
            </strow>
            <strow conref="commonLRdefs.xml#commonLRdefs/outputclass">
               <stentry/>
               <stentry/>
               <stentry/>
               <stentry/>
               <stentry/>
            </strow>
            <strow conref="commonLRdefs.xml#commonLRdefs/global-atts">
               <stentry/>
               <stentry/>
               <stentry/>
               <stentry/>
               <stentry/>
            </strow>
            <strow conref="commonLRdefs.xml#commonLRdefs/class">
               <stentry/>
               <stentry/>
               <stentry/>
               <stentry/>
               <stentry/>
            </strow>
         </simpletable>
      </section>
      <example>
         <pre>&lt;step&gt;&lt;cmd&gt;Then this&lt;/cmd&gt;
 &lt;substeps&gt;
  &lt;substep importance="optional"&gt;&lt;cmd&gt;which is done by doing this&lt;/cmd&gt;&lt;/substep&gt;
  &lt;substep importance="required"&gt;&lt;cmd&gt;and then this.&lt;/cmd&gt;&lt;/substep&gt;
 &lt;/substeps&gt;
 <b>&lt;choicetable&gt;</b>
  &lt;chhead&gt;
   &lt;choptionhd&gt;Do something&lt;/choptionhd&gt;
   &lt;chdeschd&gt;Or Else this&lt;/chdeschd&gt;
  &lt;/chhead&gt;
  &lt;chrow&gt;&lt;choption&gt;Do this&lt;/choption&gt;
     &lt;chdesc&gt;and this will happen&lt;/chdesc&gt;&lt;/chrow&gt;
  &lt;chrow&gt;&lt;choption&gt;Do that&lt;/choption&gt;
     &lt;chdesc&gt;and that will happen&lt;/chdesc&gt;&lt;/chrow&gt;
 <b>&lt;/choicetable&gt;</b>
&lt;/step&gt;
</pre>
      </example>
   </refbody>
</reference>