<?xml version='1.0' encoding='utf-8'?>
<!-- (C) Copyright IBM Corporation 2001, 2005. All Rights Reserved.


 *-->
<?xml-stylesheet href="../../xsl/dita2html_shell.xsl" type="text/xsl"?>
<!DOCTYPE reference PUBLIC "-//IBM//DTD DITA Reference//EN" "../../dtd/reference.dtd" []>
<reference id="cite" xml:lang="en-us">
   <title>
      <keyword>cite</keyword>
   </title>
   <shortdesc>The &lt;<keyword>cite</keyword>&gt; element is used when you need
a bibliographic citation that refers to a book or article. It specifically
identifies the title of the resource. Its <i>
         
         
         <keyword>keyref</keyword>
      
      
      </i> attribute
allows the citation to be associated to other possible bibliographic
processing (not supported yet). </shortdesc>
   <prolog>
      <metadata>
         <keywords>
            <indexterm>cite</indexterm>
            <indexterm>Body
elements<indexterm>cite</indexterm>
            </indexterm>
            <indexterm>cite</indexterm>
         </keywords>
      </metadata>
   </prolog>
   <refbody>
      <section/>
      <refsyn>
         <title>Contained by</title>
         <xref href="section.xml">section</xref> ,  <xref href="example.xml">example</xref> ,  <xref href="desc.xml">desc</xref> ,  <xref href="p.xml">p</xref> ,  <xref href="note.xml">note</xref> ,  <xref href="lq.xml">lq</xref> ,
 <xref href="q.xml">q</xref> ,  <xref href="sli.xml">sli</xref> ,
 <xref href="li.xml">li</xref> ,  <xref href="itemgroup.xml">itemgroup</xref> ,  <xref href="dt.xml">dt</xref> ,
 <xref href="dd.xml">dd</xref> ,  <xref href="pre.xml">pre</xref> ,
 <xref href="lines.xml">lines</xref> ,  <xref href="ph.xml">ph</xref> ,  <xref href="stentry.xml">stentry</xref> ,
 <xref href="draft-comment.xml">draft-comment</xref> ,  <xref href="fn.xml">fn</xref> ,  <xref href="linkinfo.xml">linkinfo</xref> ,
 <xref href="entry.xml">entry</xref> ,  <xref href="prereq.xml">prereq</xref> ,  <xref href="context.xml">context</xref> ,
 <xref href="cmd.xml">cmd</xref> ,  <xref href="info.xml">info</xref> ,
 <xref href="tutorialinfo.xml">tutorialinfo</xref> ,  <xref href="stepxmp.xml">stepxmp</xref> ,  <xref href="choice.xml">choice</xref> ,  <xref href="choptionhd.xml">choptionhd</xref> ,
 <xref href="chdeschd.xml">chdeschd</xref> ,  <xref href="choption.xml">choption</xref> ,  <xref href="chdesc.xml">chdesc</xref> ,
 <xref href="stepresult.xml">stepresult</xref> ,  <xref href="result.xml">result</xref> ,  <xref href="postreq.xml">postreq</xref> ,
 <xref href="refsyn.xml">refsyn</xref> ,  <xref href="proptype.xml">proptype</xref> ,  <xref href="propvalue.xml">propvalue</xref> ,
 <xref href="propdesc.xml">propdesc</xref> ,  <xref href="screen.xml">screen</xref> ,  <xref href="b.xml">b</xref> ,
 <xref href="u.xml">u</xref> ,  <xref href="i.xml">i</xref> ,
 <xref href="tt.xml">tt</xref> ,  <xref href="sup.xml">sup</xref> ,
 <xref href="sub.xml">sub</xref> ,  <xref href="codeph.xml">codeph</xref> ,  <xref href="codeblock.xml">codeblock</xref> ,
 <xref href="pt.xml">pt</xref> ,  <xref href="pd.xml">pd</xref> ,
 <xref href="synnote.xml">synnote</xref>
      </refsyn>
      <refsyn>
         <title>Contains</title> text data or <xref href="ph.xml">ph</xref> or <xref href="term.xml">term</xref> or <xref href="q.xml">q</xref> or <xref href="boolean.xml">boolean</xref> or <xref href="state.xml">state</xref> or <xref href="keyword.xml">keyword</xref> or <xref href="tm.xml">tm</xref>
      </refsyn>
      <section>
         <title>Attributes</title>
         <simpletable relcolwidth="2* 3* 1* 1* 1*" id="cite_attr">
            <sthead>
               <stentry>Name</stentry>
               <stentry>Description</stentry>
               <stentry>Data Type</stentry>
               <stentry>Default Value</stentry>
               <stentry>Required?</stentry>
            </sthead>
            <strow conref="commonLRdefs.xml#commonLRdefs/keyref-cite">
               <stentry/>
               <stentry/>
               <stentry/>
               <stentry/>
               <stentry/>
            </strow>
            <strow conref="commonLRdefs.xml#commonLRdefs/univ-atts">
               <stentry/>
               <stentry/>
               <stentry/>
               <stentry/>
               <stentry/>
            </strow>
            <strow conref="commonLRdefs.xml#commonLRdefs/outputclass">
               <stentry/>
               <stentry/>
               <stentry/>
               <stentry/>
               <stentry/>
            </strow>
            <strow conref="commonLRdefs.xml#commonLRdefs/global-atts">
               <stentry/>
               <stentry/>
               <stentry/>
               <stentry/>
               <stentry/>
            </strow>
            <strow conref="commonLRdefs.xml#commonLRdefs/class">
               <stentry/>
               <stentry/>
               <stentry/>
               <stentry/>
               <stentry/>
            </strow>
         </simpletable>
      </section>
      <example>
         <codeblock>&lt;p&gt;The online article <b>&lt;cite&gt;</b>Specialization in the Darwin Information Typing
Architecture<b>&lt;/cite&gt;</b> provides a detailed explanation of how to define new
topic types.&lt;/p&gt;</codeblock>
      </example>
   </refbody>
</reference>