<?xml version='1.0' encoding='utf-8'?>
<!-- (C) Copyright IBM Corporation 2001, 2005. All Rights Reserved.


 *-->
<?xml-stylesheet href="../../xsl/dita2html_shell.xsl" type="text/xsl"?>
<!DOCTYPE reference PUBLIC "-//IBM//DTD DITA Reference//EN" "../../dtd/reference.dtd" []>
<reference id="codeph" xml:lang="en-us">
   <title>
      <keyword>codeph</keyword>
   </title>
   <shortdesc>The code phrase (&lt;<keyword>codeph</keyword>&gt;) element represents a snippet
of code within the main flow of text. The code phrase may be displayed in
a monospaced font for emphasis. This element is part of the DITA programming
domain, a special set of DITA elements designed to document programming tasks,
concepts and reference information.</shortdesc>
   <prolog>
      <metadata>
         <keywords>
            <indexterm>codeph (code phrase)</indexterm>
            <indexterm>code
phrase (codeph)</indexterm>
            <indexterm>Domain elements<indexterm>codeph
(code phrase)</indexterm>
            </indexterm>
            <indexterm>codeph
(code phrase)</indexterm>
         </keywords>
      </metadata>
   </prolog>
   <refbody>
      <refsyn>
         <title>Contained by</title>
         <xref href="synph.xml">synph</xref>; the same
contexts as <xref href="ph.xml">ph</xref>
      </refsyn>
      <refsyn>
         <title>Contains</title> text data or <xref href="ph.xml">ph</xref> or <xref href="term.xml">term</xref> or <xref href="xref.xml">xref</xref> or <xref href="cite.xml">cite</xref> or <xref href="q.xml">q</xref> or <xref href="boolean.xml">boolean</xref> or <xref href="state.xml">state</xref> or <xref href="keyword.xml">keyword</xref>
      </refsyn>
      <section>
         <title>Attributes</title>
         <simpletable relcolwidth="2* 3* 1* 1* 1*" id="codeph_attr">
            <sthead>
               <stentry>Name</stentry>
               <stentry>Description</stentry>
               <stentry>Data Type</stentry>
               <stentry>Default Value</stentry>
               <stentry>Required?</stentry>
            </sthead>
            <strow conref="commonLRdefs.xml#commonLRdefs/univ-atts">
               <stentry/>
               <stentry/>
               <stentry/>
               <stentry/>
               <stentry/>
            </strow>
            <strow conref="commonLRdefs.xml#commonLRdefs/outputclass">
               <stentry/>
               <stentry/>
               <stentry/>
               <stentry/>
               <stentry/>
            </strow>
            <strow conref="commonLRdefs.xml#commonLRdefs/global-atts">
               <stentry/>
               <stentry/>
               <stentry/>
               <stentry/>
               <stentry/>
            </strow>
            <strow conref="commonLRdefs.xml#commonLRdefs/class">
               <stentry/>
               <stentry/>
               <stentry/>
               <stentry/>
               <stentry/>
            </strow>
         </simpletable>
      </section>
      <example>
         <codeblock>&lt;p&gt;The second line of the sample program code, &lt;codeph&gt;Do forever&lt;/codeph&gt;, 
represents the start of a loop construct.&lt;/p&gt;</codeblock>
      </example>
   </refbody>
</reference>