<?xml version='1.0' encoding='utf-8'?>
<!-- (C) Copyright IBM Corporation 2001, 2005. All Rights Reserved.


 *-->
<?xml-stylesheet href="../../xsl/dita2html_shell.xsl" type="text/xsl"?>
<!DOCTYPE reference PUBLIC "-//IBM//DTD DITA Reference//EN" "../../dtd/reference.dtd" []>
<reference id="conbody" xml:lang="en-us">
   <title>
      <keyword>conbody</keyword>
   </title>
   <shortdesc>The &lt;<keyword>conbody</keyword>&gt; element is the main body-level
element for a concept. Like the body element of a general topic, &lt;<keyword>conbody</keyword>&gt;
allows paragraphs, lists, and other elements as well as sections and examples.
But &lt;<keyword>conbody</keyword>&gt; has a constraint that a section
or an example can be followed only by other sections or examples.</shortdesc>
   <prolog>
      <metadata>
         <keywords>
            <indexterm>conbody
(concept body)</indexterm>
            <indexterm>concept body (conbody)</indexterm>
            <indexterm>Concept
elements<indexterm>conbody</indexterm>
            </indexterm>
            <indexterm>conbody</indexterm>
         </keywords>
      </metadata>
   </prolog>
   <refbody>
      <refsyn>
         <title>Contained by</title>
         <xref href="concept.xml">concept</xref>
      </refsyn>
      <refsyn>
         <title>Contains</title> ( <xref href="p.xml">p</xref> or <xref href="lq.xml">lq</xref> or <xref href="note.xml">note</xref> or <xref href="dl.xml">dl</xref> or <xref href="ul.xml">ul</xref> or <xref href="ol.xml">ol</xref> or <xref href="sl.xml">sl</xref> or <xref href="pre.xml">pre</xref> or <xref href="lines.xml">lines</xref> or <xref href="fig.xml">fig</xref> or <xref href="image.xml">image</xref> or <xref href="object.xml">object</xref> or <xref href="table.xml">table</xref> or <xref href="simpletable.xml">simpletable</xref> or <xref href="required-cleanup.xml">required-cleanup</xref> ) (0 or more) then ( <xref href="section.xml">section</xref> or <xref href="example.xml">example</xref> )
(0 or more) </refsyn>
      <section>
         <title>Attributes</title>
         <simpletable relcolwidth="2* 3* 1* 1* 1*" id="conbody_attr">
            <sthead>
               <stentry>Name</stentry>
               <stentry>Description</stentry>
               <stentry>Data Type</stentry>
               <stentry>Default Value</stentry>
               <stentry>Required?</stentry>
            </sthead>
            <strow conref="commonLRdefs.xml#commonLRdefs/univ-atts">
               <stentry/>
               <stentry/>
               <stentry/>
               <stentry/>
               <stentry/>
            </strow>
            <strow conref="commonLRdefs.xml#commonLRdefs/outputclass">
               <stentry/>
               <stentry/>
               <stentry/>
               <stentry/>
               <stentry/>
            </strow>
            <strow conref="commonLRdefs.xml#commonLRdefs/global-atts">
               <stentry/>
               <stentry/>
               <stentry/>
               <stentry/>
               <stentry/>
            </strow>
            <strow conref="commonLRdefs.xml#commonLRdefs/class">
               <stentry/>
               <stentry/>
               <stentry/>
               <stentry/>
               <stentry/>
            </strow>
         </simpletable>
      </section>
      <example>
         <codeblock>&lt;conbody&gt;
 &lt;p&gt;If your workgroup has symbols files that are defined once for all
the books you author, you can define parameter entities for those symbols
within your SGML document. Parameter entities allow you to define an
imbed file of symbols, then reuse the same entities many times in your document.&lt;/p&gt;
 &lt;example&gt;
  &lt;p&gt;Entity declarations have the following formats:&lt;/p&gt;
  &lt;ul&gt;
  &lt;li&gt;&lt;!ENTITY symbol "text"&gt; for a text entity&lt;/li&gt;
  &lt;li&gt;&lt;!ENTITY name system "systemID"&gt; for a file entity&lt;/li&gt;
  &lt;/ul&gt;
 &lt;/example&gt;
 &lt;/conbody&gt;
</codeblock>
      </example>
   </refbody>
</reference>