<?xml version='1.0' encoding='utf-8'?>
<!-- (C) Copyright IBM Corporation 2001, 2005. All Rights Reserved.


 *-->
<?xml-stylesheet href="../../xsl/dita2html_shell.xsl" type="text/xsl"?>
<!DOCTYPE reference PUBLIC "-//IBM//DTD DITA Reference//EN" "../../dtd/reference.dtd" []>
<reference id="copyright" xml:lang="en-us">
   <title>
      <keyword>copyright</keyword>
   </title>
   <shortdesc>The &lt;<keyword>copyright</keyword>&gt; element is used for a single
copyright entry. It includes the copyright years and the copyright holder.
 Multiple &lt;<keyword>copyright</keyword>&gt; statements are allowed.</shortdesc>
   <prolog>
      <metadata>
         <keywords>
            <indexterm>copyright</indexterm>
            <indexterm>Prolog
elements<indexterm>copyright</indexterm>
            </indexterm>
            <indexterm>copyright</indexterm>
         </keywords>
      </metadata>
   </prolog>
   <refbody>
      <refsyn>
         <title>Contained by</title>
         <xref href="prolog.xml">prolog</xref>
      </refsyn>
      <refsyn>
         <title>Contains</title> ( <xref href="copyryear.xml">copyryear</xref> ) (one
or more) then <xref href="copyrholder.xml">copyrholder</xref>
      </refsyn>
      <section>
         <title>Attributes</title>
         <simpletable relcolwidth="2* 3* 1* 1* 1*" id="copyright_attr">
            <sthead>
               <stentry>Name</stentry>
               <stentry>Description</stentry>
               <stentry>Data Type</stentry>
               <stentry>Default Value</stentry>
               <stentry>Required?</stentry>
            </sthead>
            <strow conref="commonLRdefs.xml#commonLRdefs/type-copyright">
               <stentry/>
               <stentry/>
               <stentry/>
               <stentry/>
               <stentry/>
            </strow>
            <strow conref="commonLRdefs.xml#commonLRdefs/global-atts">
               <stentry/>
               <stentry/>
               <stentry/>
               <stentry/>
               <stentry/>
            </strow>
            <strow conref="commonLRdefs.xml#commonLRdefs/class">
               <stentry/>
               <stentry/>
               <stentry/>
               <stentry/>
               <stentry/>
            </strow>
         </simpletable>
      </section>
      <example>
         <codeblock>&lt;prolog&gt;
&lt;copyright&gt;
&lt;copyryear year="2001-04-12"&gt;&lt;/copyryear&gt;
&lt;copyrholder&gt;IBM&lt;/copyrholder&gt;
&lt;/copyright&gt;
&lt;copyright type=secondary&gt;
&lt;copyryear year="2002-03-03&gt;&lt;/copyryear&gt;
&lt;copyrholder&gt;Schweetones Publishing, Inc.&lt;/copyrholder&gt;
&lt;/copyright&gt;
&lt;/prolog&gt;</codeblock>
      </example>
   </refbody>
</reference>