<?xml version='1.0' encoding='utf-8'?>
<!-- (C) Copyright IBM Corporation 2001, 2005. All Rights Reserved.


 *-->
<?xml-stylesheet href="../../xsl/dita2html_shell.xsl" type="text/xsl"?>
<!DOCTYPE reference PUBLIC "-//IBM//DTD DITA Reference//EN" "../../dtd/reference.dtd" []>
<reference id="copyrholder" xml:lang="en-us">
   <title>
      <keyword>copyrholder</keyword>
   </title>
   <shortdesc>The copyright holder (&lt;<keyword>copyrholder</keyword>&gt;) element
names the entity that holds legal rights to the material contained
in the topic.</shortdesc>
   <prolog>
      <metadata>
         <keywords>
            <indexterm>copyrholder</indexterm>
            <indexterm>Prolog elements<indexterm>copyrholder</indexterm>
            </indexterm>
            <indexterm>copyrholder</indexterm>
         </keywords>
      </metadata>
   </prolog>
   <refbody>
      <refsyn>
         <title>Contained by</title>
         <xref href="copyright.xml">copyright</xref>
      </refsyn>
      <refsyn>
         <title>Contains</title> text data </refsyn>
      <section>
         <title>Attributes</title>
         <simpletable relcolwidth="2* 3* 1* 1* 1*" id="copyrholder_attr">
            <sthead>
               <stentry>Name</stentry>
               <stentry>Description</stentry>
               <stentry>Data Type</stentry>
               <stentry>Default Value</stentry>
               <stentry>Required?</stentry>
            </sthead>
            <strow conref="commonLRdefs.xml#commonLRdefs/global-atts">
               <stentry/>
               <stentry/>
               <stentry/>
               <stentry/>
               <stentry/>
            </strow>
            <strow conref="commonLRdefs.xml#commonLRdefs/class">
               <stentry/>
               <stentry/>
               <stentry/>
               <stentry/>
               <stentry/>
            </strow>
         </simpletable>
      </section>
      <example>
         <codeblock>&lt;copyright&gt;
&lt;copyryear year=2001&gt;&lt;/copyryear&gt;
&lt;copyrholder&gt;IBM&lt;/copyrholder&gt;
&lt;/copyright&gt;
</codeblock>
      </example>
   </refbody>
</reference>