<?xml version='1.0' encoding='utf-8'?>
<!-- (C) Copyright IBM Corporation 2001, 2005. All Rights Reserved.


 *-->
<?xml-stylesheet href="../../xsl/dita2html_shell.xsl" type="text/xsl"?>
<!DOCTYPE reference PUBLIC "-//IBM//DTD DITA Reference//EN" "../../dtd/reference.dtd" []>
<reference id="copyryear" xml:lang="en-us">
   <title>
      <keyword>copyryear</keyword>
   </title>
   <shortdesc>The &lt;<keyword>copyryear</keyword>&gt; element contains the copyright
year as specified by the <i>
         
         
         <keyword>year</keyword>
      
      
      </i> attribute.</shortdesc>
   <prolog>
      <metadata>
         <keywords>
            <indexterm>copyryear</indexterm>
            <indexterm>Prolog
elements<indexterm>copyryear</indexterm>
            </indexterm>
            <indexterm>copyryear</indexterm>
         </keywords>
      </metadata>
   </prolog>
   <refbody>
      <refsyn>
         <title>Contained by</title>
         <xref href="copyright.xml">copyright</xref>
      </refsyn>
      <refsyn>
         <title>Contains</title> no content</refsyn>
      <section>
         <title>Attributes</title>
         <simpletable relcolwidth="2* 3* 1* 1* 1*" id="copyryear_attr">
            <sthead>
               <stentry>Name</stentry>
               <stentry>Description</stentry>
               <stentry>Data Type</stentry>
               <stentry>Default Value</stentry>
               <stentry>Required?</stentry>
            </sthead>
            <strow conref="commonLRdefs.xml#commonLRdefs/year">
               <stentry/>
               <stentry/>
               <stentry/>
               <stentry/>
               <stentry/>
            </strow>
            <strow conref="commonLRdefs.xml#commonLRdefs/select-atts">
               <stentry/>
               <stentry/>
               <stentry/>
               <stentry/>
               <stentry/>
            </strow>
            <strow conref="commonLRdefs.xml#commonLRdefs/global-atts">
               <stentry/>
               <stentry/>
               <stentry/>
               <stentry/>
               <stentry/>
            </strow>
            <strow conref="commonLRdefs.xml#commonLRdefs/class">
               <stentry/>
               <stentry/>
               <stentry/>
               <stentry/>
               <stentry/>
            </strow>
         </simpletable>
      </section>
      <example>
         <codeblock>&lt;copyright&gt;
&lt;copyryear year="2001"&gt;&lt;/copyryear&gt;
&lt;copyrholder&gt;IBM&lt;/copyrholder&gt;
&lt;/copyright&gt;
</codeblock>
      </example>
   </refbody>
</reference>