<?xml version='1.0' encoding='utf-8'?>
<!-- (C) Copyright IBM Corporation 2001, 2005. All Rights Reserved.


 *-->
<?xml-stylesheet href="../../xsl/dita2html_shell.xsl" type="text/xsl"?>
<!DOCTYPE reference PUBLIC "-//IBM//DTD DITA Reference//EN" "../../dtd/reference.dtd" []>
<reference id="critdates" xml:lang="en-us">
   <title>
      <keyword>critdates</keyword>
   </title>
   <shortdesc>The &lt;<keyword>critdates</keyword>&gt; element contains the critical
dates in a document life cycle, such as the creation date and multiple
revision dates.</shortdesc>
   <prolog>
      <metadata>
         <keywords>
            <indexterm>critdates (critical dates)</indexterm>
            <indexterm>critical
dates (critdates)</indexterm>
            <indexterm>Prolog elements<indexterm>critdates</indexterm>
            </indexterm>
            <indexterm>critdates</indexterm>
         </keywords>
      </metadata>
   </prolog>
   <refbody>
      <refsyn>
         <title>Contained by</title>
         <xref href="prolog.xml">prolog</xref>
      </refsyn>
      <refsyn>
         <title>Contains</title>
         <xref href="created.xml">created</xref> then ( <xref href="revised.xml">revised</xref> ) (0 or more) </refsyn>
      <section>
         <title>Attributes</title>
         <simpletable relcolwidth="2* 3* 1* 1* 1*" id="critdates_attr">
            <sthead>
               <stentry>Name</stentry>
               <stentry>Description</stentry>
               <stentry>Data Type</stentry>
               <stentry>Default Value</stentry>
               <stentry>Required?</stentry>
            </sthead>
            <strow conref="commonLRdefs.xml#commonLRdefs/global-atts">
               <stentry/>
               <stentry/>
               <stentry/>
               <stentry/>
               <stentry/>
            </strow>
            <strow conref="commonLRdefs.xml#commonLRdefs/class">
               <stentry/>
               <stentry/>
               <stentry/>
               <stentry/>
               <stentry/>
            </strow>
         </simpletable>
      </section>
      <example>
         <codeblock>&lt;prolog&gt;
 &lt;critdates&gt;
  &lt;created date="2001-06-12"&gt;&lt;/created&gt;
  &lt;revised golive="2001-08-20"&gt;&lt;/revised&gt;
 &lt;/critdates&gt;
&lt;/prolog&gt;</codeblock>
      </example>
   </refbody>
</reference>