<?xml version='1.0' encoding='utf-8'?>
<!-- (C) Copyright IBM Corporation 2001, 2005. All Rights Reserved.


 *-->
<?xml-stylesheet href="../../xsl/dita2html_shell.xsl" type="text/xsl"?>
<!DOCTYPE reference PUBLIC "-//IBM//DTD DITA Reference//EN" "../../dtd/reference.dtd" []>
<reference id="dd" xml:lang="en-us">
   <title>
      <keyword>dd</keyword>
   </title>
   <shortdesc>The definition description (&lt;<keyword>dd</keyword>&gt;) element
contains the description of a term in a definition list entry.</shortdesc>
   <prolog>
      <metadata>
         <keywords>
            <indexterm>dd
(definition description)</indexterm>
            <indexterm>definition description (dd)</indexterm>
            <indexterm>Body
elements<indexterm>dd</indexterm>
            </indexterm>
            <indexterm>dd</indexterm>
         </keywords>
      </metadata>
   </prolog>
   <refbody>
      <section/>
      <refsyn>
         <title>Contained by</title>
         <xref href="dlentry.xml">dlentry</xref>
      </refsyn>
      <refsyn>
         <title>Contains</title> text data or <xref href="ph.xml">ph</xref> or <xref href="term.xml">term</xref> or <xref href="xref.xml">xref</xref> or <xref href="cite.xml">cite</xref> or <xref href="q.xml">q</xref> or <xref href="boolean.xml">boolean</xref> or <xref href="state.xml">state</xref> or <xref href="keyword.xml">keyword</xref> or <xref href="tm.xml">tm</xref> or <xref href="p.xml">p</xref> or <xref href="lq.xml">lq</xref> or <xref href="note.xml">note</xref> or <xref href="dl.xml">dl</xref> or <xref href="ul.xml">ul</xref> or <xref href="ol.xml">ol</xref> or <xref href="sl.xml">sl</xref> or <xref href="pre.xml">pre</xref> or <xref href="lines.xml">lines</xref> or <xref href="fig.xml">fig</xref> or <xref href="image.xml">image</xref> or <xref href="object.xml">object</xref> or <xref href="table.xml">table</xref> or <xref href="simpletable.xml">simpletable</xref> or <xref href="itemgroup.xml">itemgroup</xref> or <xref href="draft-comment.xml">draft-comment</xref> or <xref href="required-cleanup.xml">required-cleanup</xref> or <xref href="fn.xml">fn</xref> or <xref href="indextermref.xml">indextermref</xref> or <xref href="indexterm.xml">indexterm</xref>
      </refsyn>
      <section>
         <title>Attributes</title>
         <simpletable relcolwidth="2* 3* 1* 1* 1*" id="dd_attr">
            <sthead>
               <stentry>Name</stentry>
               <stentry>Description</stentry>
               <stentry>Data Type</stentry>
               <stentry>Default Value</stentry>
               <stentry>Required?</stentry>
            </sthead>
            <strow conref="commonLRdefs.xml#commonLRdefs/univ-atts">
               <stentry/>
               <stentry/>
               <stentry/>
               <stentry/>
               <stentry/>
            </strow>
            <strow conref="commonLRdefs.xml#commonLRdefs/outputclass">
               <stentry/>
               <stentry/>
               <stentry/>
               <stentry/>
               <stentry/>
            </strow>
            <strow conref="commonLRdefs.xml#commonLRdefs/global-atts">
               <stentry/>
               <stentry/>
               <stentry/>
               <stentry/>
               <stentry/>
            </strow>
            <strow conref="commonLRdefs.xml#commonLRdefs/class">
               <stentry/>
               <stentry/>
               <stentry/>
               <stentry/>
               <stentry/>
            </strow>
         </simpletable>
      </section>
      <example>
         <codeblock>&lt;dl&gt;
 &lt;dlhead&gt;
  &lt;dthd&gt;Image File View Selection&lt;/dthd&gt;
  &lt;ddhd&gt;Resulting Information&lt;/ddhd&gt;
 &lt;/dlhead&gt;
 &lt;dlentry&gt;
  &lt;dt&gt;File Type&lt;/dt&gt;
  &lt;dd&gt;Image's file extention&lt;/dd&gt;
 &lt;/dlentry&gt;
 &lt;dlentry&gt;
  &lt;dt&gt;Image Class&lt;/dt&gt;
  &lt;dd&gt;Image is raster, vector, metafile or 3D&lt;/dd&gt;
 &lt;/dlentry&gt;
 &lt;dlentry&gt;
  &lt;dt&gt;Number of pages&lt;/dt&gt;
  &lt;dd&gt;Number of pages in the image&lt;/dd&gt;
 &lt;/dlentry&gt;
 &lt;dlentry&gt;
  &lt;dt&gt;Fonts&lt;/dt&gt;
  &lt;dd&gt;Names of the fonts contained within a vector image&lt;/dd&gt;
 &lt;/dlentry&gt;
&lt;/dl&gt;</codeblock>
      </example>
   </refbody>
</reference>