<?xml version='1.0' encoding='utf-8'?>
<!-- (C) Copyright IBM Corporation 2001, 2005. All Rights Reserved.


 *-->
<?xml-stylesheet href="../../xsl/dita2html_shell.xsl" type="text/xsl"?>
<!DOCTYPE topic PUBLIC "-//IBM//DTD DITA Topic//EN" "../../dtd/topic.dtd" []>
<topic id="ditaref-bkinfo">
  <title>DITA Language Reference</title>
  <titlealts>
    <searchtitle>Learning your way around DITA markup</searchtitle>
  </titlealts>
  <shortdesc>A list of all DITA elements organized alphabetically.</shortdesc>
  <body>
    <p>
      <ph>
        <ph>2001</ph>
      </ph>
      <ph>
        <ph>2004</ph>
      </ph>
      <note othertype="Owner" type="other">
        <p>
          <ph>IBM Corporation</ph>
          <lines>New Orchard Road
Armonk, New York 10504</lines>
          <ph>914-499-1900</ph>
          <xref href="http://www.ibm.com/" format="html"/>
        </p>
      </note>
      <ph>(C) Copyright IBM Corp. 2001, 2004</ph>
    </p>
  </body>
</topic>

