<?xml version='1.0' encoding='utf-8'?>
<!-- (C) Copyright IBM Corporation 2001, 2005. All Rights Reserved.


 *-->
<?xml-stylesheet href="../../xsl/dita2html_shell.xsl" type="text/xsl"?>
<!DOCTYPE reference PUBLIC "-//IBM//DTD DITA Reference//EN" "../../dtd/reference.dtd" []>
<reference id="dt" xml:lang="en-us">
   <title>
      <keyword>dt</keyword>
   </title>
   <shortdesc>The definition term &lt;<keyword>dt</keyword>&gt; element contains
a term in a definition list entry.</shortdesc>
   <prolog>
      <metadata>
         <keywords>
            <indexterm>dt (definition term)</indexterm>
            <indexterm>definition
term (dt)</indexterm>
            <indexterm>Body elements<indexterm>dt</indexterm>
            </indexterm>
            <indexterm>dt</indexterm>
         </keywords>
      </metadata>
   </prolog>
   <refbody>
      <section/>
      <refsyn>
         <title>Contained by</title>
         <xref href="dlentry.xml">dlentry</xref>
      </refsyn>
      <refsyn>
         <title>Contains</title> text data or <xref href="ph.xml">ph</xref> or <xref href="term.xml">term</xref> or <xref href="xref.xml">xref</xref> or <xref href="cite.xml">cite</xref> or <xref href="q.xml">q</xref> or <xref href="boolean.xml">boolean</xref> or <xref href="state.xml">state</xref> or <xref href="keyword.xml">keyword</xref> or <xref href="tm.xml">tm</xref> or <xref href="image.xml">image</xref>
      </refsyn>
      <section>
         <title>Attributes</title>
         <simpletable relcolwidth="2* 3* 1* 1* 1*" id="dt_attr">
            <sthead>
               <stentry>Name</stentry>
               <stentry>Description</stentry>
               <stentry>Data Type</stentry>
               <stentry>Default Value</stentry>
               <stentry>Required?</stentry>
            </sthead>
            <strow conref="commonLRdefs.xml#commonLRdefs/keyref">
               <stentry/>
               <stentry/>
               <stentry/>
               <stentry/>
               <stentry/>
            </strow>
            <strow conref="commonLRdefs.xml#commonLRdefs/univ-atts">
               <stentry/>
               <stentry/>
               <stentry/>
               <stentry/>
               <stentry/>
            </strow>
            <strow conref="commonLRdefs.xml#commonLRdefs/outputclass">
               <stentry/>
               <stentry/>
               <stentry/>
               <stentry/>
               <stentry/>
            </strow>
            <strow conref="commonLRdefs.xml#commonLRdefs/global-atts">
               <stentry/>
               <stentry/>
               <stentry/>
               <stentry/>
               <stentry/>
            </strow>
            <strow conref="commonLRdefs.xml#commonLRdefs/class">
               <stentry/>
               <stentry/>
               <stentry/>
               <stentry/>
               <stentry/>
            </strow>
         </simpletable>
      </section>
      <example>
         <codeblock>&lt;dl&gt;
 &lt;dlhead&gt;
  &lt;dthd&gt;Image File View Selection&lt;/dthd&gt;
  &lt;ddhd&gt;Resulting Information&lt;/ddhd&gt;
 &lt;/dlhead&gt;
 &lt;dlentry&gt;
  &lt;dt&gt;File Type&lt;/dt&gt;
  &lt;dd&gt;Image's file extention&lt;/dd&gt;
 &lt;/dlentry&gt;
 &lt;dlentry&gt;
  &lt;dt&gt;Image Class&lt;/dt&gt;
  &lt;dd&gt;Image is raster, vector, metafile or 3D&lt;/dd&gt;
 &lt;/dlentry&gt;
 &lt;dlentry&gt;
  &lt;dt&gt;Number of pages&lt;/dt&gt;
  &lt;dd&gt;Number of pages in the image&lt;/dd&gt;
 &lt;/dlentry&gt;
 &lt;dlentry&gt;
  &lt;dt&gt;Fonts&lt;/dt&gt;
  &lt;dd&gt;Names of the fonts contained within a vector image&lt;/dd&gt;
 &lt;/dlentry&gt;
&lt;/dl&gt;</codeblock>
      </example>
   </refbody>
</reference>