<?xml version='1.0' encoding='utf-8'?>
<!-- (C) Copyright IBM Corporation 2001, 2005. All Rights Reserved.


 *-->
<?xml-stylesheet href="../../xsl/dita2html_shell.xsl" type="text/xsl"?>
<!DOCTYPE reference PUBLIC "-//IBM//DTD DITA Reference//EN" "../../dtd/reference.dtd" []>
<reference id="entry" xml:lang="en-us">
   <title>
      <keyword>entry</keyword>
   </title>
   <shortdesc>The &lt;<keyword>entry</keyword>&gt; element defines a single cell in
a table.</shortdesc>
   <prolog>
      <metadata>
         <keywords>
            <indexterm>entry</indexterm>
            <indexterm>Table elements<indexterm>entry</indexterm>
            </indexterm>
            <indexterm>entry</indexterm>
         </keywords>
      </metadata>
   </prolog>
   <refbody>
      <refsyn>
         <title>Contained by</title>
         <xref href="row.xml">row</xref>
      </refsyn>
      <refsyn>
         <title>Contains</title> text data or <xref href="ph.xml">ph</xref> or <xref href="term.xml">term</xref> or <xref href="xref.xml">xref</xref> or <xref href="cite.xml">cite</xref> or <xref href="q.xml">q</xref> or <xref href="boolean.xml">boolean</xref> or <xref href="state.xml">state</xref> or <xref href="keyword.xml">keyword</xref> or <xref href="tm.xml">tm</xref> or <xref href="p.xml">p</xref> or <xref href="lq.xml">lq</xref> or <xref href="note.xml">note</xref> or <xref href="dl.xml">dl</xref> or <xref href="ul.xml">ul</xref> or <xref href="ol.xml">ol</xref> or <xref href="sl.xml">sl</xref> or <xref href="pre.xml">pre</xref> or <xref href="lines.xml">lines</xref> or <xref href="fig.xml">fig</xref> or <xref href="image.xml">image</xref> or <xref href="object.xml">object</xref> or <xref href="draft-comment.xml">draft-comment</xref> or <xref href="required-cleanup.xml">required-cleanup</xref> or <xref href="fn.xml">fn</xref> or <xref href="indextermref.xml">indextermref</xref> or <xref href="indexterm.xml">indexterm</xref>
      </refsyn>
      <section>
         <title>Attributes</title>
         <simpletable relcolwidth="2* 3* 1* 1* 1*" id="entry_attr">
            <sthead>
               <stentry>Name</stentry>
               <stentry>Description</stentry>
               <stentry>Data Type</stentry>
               <stentry>Default Value</stentry>
               <stentry>Required?</stentry>
            </sthead>
            <strow conref="commonLRdefs.xml#commonLRdefs/colnum">
               <stentry/>
               <stentry/>
               <stentry/>
               <stentry/>
               <stentry/>
            </strow>
            <strow conref="commonLRdefs.xml#commonLRdefs/colname">
               <stentry/>
               <stentry/>
               <stentry/>
               <stentry/>
               <stentry/>
            </strow>
            <strow conref="commonLRdefs.xml#commonLRdefs/namest">
               <stentry/>
               <stentry/>
               <stentry/>
               <stentry/>
               <stentry/>
            </strow>
            <strow conref="commonLRdefs.xml#commonLRdefs/nameend">
               <stentry/>
               <stentry/>
               <stentry/>
               <stentry/>
               <stentry/>
            </strow>
            <strow conref="commonLRdefs.xml#commonLRdefs/spanname">
               <stentry/>
               <stentry/>
               <stentry/>
               <stentry/>
               <stentry/>
            </strow>
            <strow conref="commonLRdefs.xml#commonLRdefs/morerows">
               <stentry/>
               <stentry/>
               <stentry/>
               <stentry/>
               <stentry/>
            </strow>
            <strow conref="commonLRdefs.xml#commonLRdefs/colsep">
               <stentry/>
               <stentry/>
               <stentry/>
               <stentry/>
               <stentry/>
            </strow>
            <strow conref="commonLRdefs.xml#commonLRdefs/rowsep">
               <stentry/>
               <stentry/>
               <stentry/>
               <stentry/>
               <stentry/>
            </strow>
            <strow conref="commonLRdefs.xml#commonLRdefs/valign">
               <stentry/>
               <stentry/>
               <stentry/>
               <stentry/>
               <stentry/>
            </strow>
            <strow conref="commonLRdefs.xml#commonLRdefs/align">
               <stentry/>
               <stentry/>
               <stentry/>
               <stentry/>
               <stentry/>
            </strow>
            <strow conref="commonLRdefs.xml#commonLRdefs/outputclass">
               <stentry/>
               <stentry/>
               <stentry/>
               <stentry/>
               <stentry/>
            </strow>
            <strow conref="commonLRdefs.xml#commonLRdefs/global-atts">
               <stentry/>
               <stentry/>
               <stentry/>
               <stentry/>
               <stentry/>
            </strow>
            <strow conref="commonLRdefs.xml#commonLRdefs/class">
               <stentry/>
               <stentry/>
               <stentry/>
               <stentry/>
               <stentry/>
            </strow>
         </simpletable>
      </section>
      <example>
         <p>The tagging for the following table is shown below:<table>

               
               
               <tgroup cols="2">

                  
                  
                  <tbody>

                     
                     
                     <row>

                        
                        
                        <entry>Asian elephant</entry>

                        
                        
                        <entry>
                           
                           
                           <i>
                              
                              
                              <keyword>Elephas maximus</keyword>
                           
                           
                           </i>
                        
                        
                        </entry>

                     
                     
                     </row>

                     
                     
                     <row>

                        
                        
                        <entry>African elephant (savannah)</entry>

                        
                        
                        <entry>
                           
                           
                           <i>
                              
                              
                              <keyword>Loxodonta africana africana</keyword>
                           
                           
                           </i>
                        
                        
                        </entry>

                     
                     
                     </row>

                     
                     
                     <row>

                        
                        
                        <entry>African elephant (forest)</entry>

                        
                        
                        <entry>
                           
                           
                           <i>
                              
                              
                              <keyword>Loxodonta africana cyclotis</keyword>
                           
                           
                           </i>
                        
                        
                        </entry>

                     
                     
                     </row>

                  
                  
                  </tbody>

               
               
               </tgroup>

            
            
            </table>
         
         
         </p>
         <codeblock>&lt;table&gt;
&lt;tgroup cols="2"&gt;&lt;colspec colname="col1"/&gt;&lt;colspec colname="col2"/&gt;
&lt;tbody&gt; 
&lt;row&gt;&lt;entry colname="col1"&gt;Asian elephant&lt;/entry&gt;
&lt;entry colname="col2"&gt;&lt;i&gt;Elephas maximus&lt;/i&gt;&lt;/entry&gt; &lt;/row&gt; 
&lt;row&gt;&lt;entry colname="col1"&gt;African elephant (savannah)&lt;/entry&gt; 
&lt;entry colname="col2"&gt;&lt;i&gt;Loxodonta africana africana&lt;/i&gt;&lt;/entry&gt;&lt;/row&gt; 
&lt;row&gt; &lt;entry colname="col1"&gt;African elephant (forest)&lt;/entry&gt;
&lt;entry colname="col2"&gt;&lt;i&gt;Loxodonta africana cyclotis&lt;/i&gt;&lt;/entry&gt;
&lt;/row&gt; &lt;/tbody&gt; &lt;/tgroup&gt; &lt;/table&gt;</codeblock>
      </example>
   </refbody>
</reference>