<?xml version='1.0' encoding='utf-8'?>
<!-- (C) Copyright IBM Corporation 2001, 2005. All Rights Reserved.


 *-->
<?xml-stylesheet href="../../xsl/dita2html_shell.xsl" type="text/xsl"?>
<!DOCTYPE reference PUBLIC "-//IBM//DTD DITA Reference//EN" "../../dtd/reference.dtd" []>
<reference id="featnum" xml:lang="en-us">
   <title>
      <keyword>featnum</keyword>
   </title>
   <shortdesc>The &lt;<keyword>featnum</keyword>&gt; element contains
the feature number of a product in the document metadata.</shortdesc>
   <prolog>
      <metadata>
         <keywords>
            <indexterm>featnum
(product feature number)</indexterm>
            <indexterm>feature number (featnum)</indexterm>
            <indexterm>Prolog
elements<indexterm>featnum</indexterm>
            </indexterm>
            <indexterm>featnum</indexterm>
         </keywords>
      </metadata>
   </prolog>
   <refbody>
      <refsyn>
         <title>Contained by</title>
         <xref href="prodinfo.xml">prodinfo</xref>
      </refsyn>
      <refsyn>
         <title>Contains</title> text data </refsyn>
      <section>
         <title>Attributes</title>
         <simpletable relcolwidth="2* 3* 1* 1* 1*" id="featnum_attr">
            <sthead>
               <stentry>Name</stentry>
               <stentry>Description</stentry>
               <stentry>Data Type</stentry>
               <stentry>Default Value</stentry>
               <stentry>Required?</stentry>
            </sthead>
            <strow conref="commonLRdefs.xml#commonLRdefs/global-atts">
               <stentry/>
               <stentry/>
               <stentry/>
               <stentry/>
               <stentry/>
            </strow>
            <strow conref="commonLRdefs.xml#commonLRdefs/class">
               <stentry/>
               <stentry/>
               <stentry/>
               <stentry/>
               <stentry/>
            </strow>
         </simpletable>
      </section>
      <example> <pre>&lt;prodinfo&gt;
 &lt;prodname&gt;BatCom&lt;/prodname&gt;
 &lt;vrmlist&gt;
  &lt;vrm version="v5r2"/&gt;
 &lt;/vrmlist&gt;
 <b>&lt;featnum&gt;</b>135<b>&lt;/featnum&gt;</b>
 &lt;component&gt;TCP/IP&lt;/component&gt;
&lt;/prodinfo&gt;
</pre>
      </example>
   </refbody>
</reference>