<?xml version='1.0' encoding='utf-8'?>
<!-- (C) Copyright IBM Corporation 2001, 2005. All Rights Reserved.


 *-->
<?xml-stylesheet href="../../xsl/dita2html_shell.xsl" type="text/xsl"?>
<!DOCTYPE reference PUBLIC "-//IBM//DTD DITA Reference//EN" "../../dtd/reference.dtd" []>
<reference id="fig" xml:lang="en-us">
   <title>
      <keyword>fig</keyword>
   </title>
   <shortdesc>The figure (&lt;<keyword>fig</keyword>&gt;) element is a display context (sometimes
called an <q>exhibit</q>) with an optional title for a wide variety
of content. Most commonly, the figure element contains an image element (a
graphic or artwork), but it can contain several kinds of text objects as well.
A title is placed inside the figure element to provide a caption to describe
the content.</shortdesc>
   <prolog>
      <metadata>
         <keywords>
            <indexterm>fig (figure)</indexterm>
            <indexterm>figure (fig)</indexterm>
            <indexterm>Body
elements<indexterm>fig</indexterm>
            </indexterm>
            <indexterm>fig</indexterm>
         </keywords>
      </metadata>
   </prolog>
   <refbody>
      <refsyn>
         <title>Contained by</title>
         <xref href="body.xml">body</xref> ,  <xref href="section.xml">section</xref> ,  <xref href="example.xml">example</xref> ,
 <xref href="p.xml">p</xref> ,  <xref href="note.xml">note</xref> ,
 <xref href="lq.xml">lq</xref> ,  <xref href="li.xml">li</xref> ,
 <xref href="itemgroup.xml">itemgroup</xref> ,  <xref href="dd.xml">dd</xref> ,  <xref href="stentry.xml">stentry</xref> ,
 <xref href="draft-comment.xml">draft-comment</xref> ,  <xref href="fn.xml">fn</xref> ,  <xref href="entry.xml">entry</xref> ,
 <xref href="conbody.xml">conbody</xref> ,  <xref href="prereq.xml">prereq</xref> ,  <xref href="context.xml">context</xref> ,
 <xref href="info.xml">info</xref> ,  <xref href="tutorialinfo.xml">tutorialinfo</xref> ,  <xref href="stepxmp.xml">stepxmp</xref> ,
 <xref href="choptionhd.xml">choptionhd</xref> ,  <xref href="chdeschd.xml">chdeschd</xref> ,  <xref href="choption.xml">choption</xref> ,
 <xref href="chdesc.xml">chdesc</xref> ,  <xref href="stepresult.xml">stepresult</xref> ,  <xref href="result.xml">result</xref> ,
 <xref href="postreq.xml">postreq</xref> ,  <xref href="refsyn.xml">refsyn</xref> ,  <xref href="pd.xml">pd</xref>
      </refsyn>
      <refsyn>
         <title>Contains</title> ( <xref href="title.xml">title</xref> ) (optional)
then ( <xref href="desc.xml">desc</xref> ) (optional) then ( <xref href="figgroup.xml">figgroup</xref> or <xref href="p.xml">p</xref> or <xref href="lq.xml">lq</xref> or <xref href="note.xml">note</xref> or <xref href="dl.xml">dl</xref> or <xref href="ul.xml">ul</xref> or <xref href="ol.xml">ol</xref> or <xref href="sl.xml">sl</xref> or <xref href="pre.xml">pre</xref> or <xref href="lines.xml">lines</xref> or <xref href="image.xml">image</xref> or <xref href="object.xml">object</xref> or <xref href="simpletable.xml">simpletable</xref> ) (0 or more) </refsyn>
      <section>
         <title>Attributes</title>
         <simpletable relcolwidth="2* 3* 1* 1* 1*" id="fig_attr">
            <sthead>
               <stentry>Name</stentry>
               <stentry>Description</stentry>
               <stentry>Data Type</stentry>
               <stentry>Default Value</stentry>
               <stentry>Required?</stentry>
            </sthead>
            <strow conref="commonLRdefs.xml#commonLRdefs/display-atts">
               <stentry/>
               <stentry/>
               <stentry/>
               <stentry/>
               <stentry/>
            </strow>
            <strow conref="commonLRdefs.xml#commonLRdefs/univ-atts">
               <stentry/>
               <stentry/>
               <stentry/>
               <stentry/>
               <stentry/>
            </strow>
            <strow conref="commonLRdefs.xml#commonLRdefs/spectitle">
               <stentry/>
               <stentry/>
               <stentry/>
               <stentry/>
               <stentry/>
            </strow>
            <strow conref="commonLRdefs.xml#commonLRdefs/outputclass">
               <stentry/>
               <stentry/>
               <stentry/>
               <stentry/>
               <stentry/>
            </strow>
            <strow conref="commonLRdefs.xml#commonLRdefs/global-atts">
               <stentry/>
               <stentry/>
               <stentry/>
               <stentry/>
               <stentry/>
            </strow>
            <strow conref="commonLRdefs.xml#commonLRdefs/class">
               <stentry/>
               <stentry/>
               <stentry/>
               <stentry/>
               <stentry/>
            </strow>
         </simpletable>
      </section>
      <example>
         <codeblock>&lt;fig expanse="column"&gt;&lt;title&gt;The Handshake&lt;/title&gt;
&lt;image href="handshake.jpg" alt="The Handshake"/&gt;
&lt;/fig&gt;</codeblock>
      </example>
   </refbody>
</reference>