<?xml version='1.0' encoding='utf-8'?>
<!-- (C) Copyright IBM Corporation 2001, 2005. All Rights Reserved.


 *-->
<?xml-stylesheet href="../../xsl/dita2html_shell.xsl" type="text/xsl"?>
<!DOCTYPE reference PUBLIC "-//IBM//DTD DITA Reference//EN" "../../dtd/reference.dtd" []>
<reference id="fn" xml:lang="en-us">
   <title>
      <keyword>fn</keyword>
   </title>
   <shortdesc>Use footnote (&lt;<keyword>fn</keyword>&gt;) to annotate text with notes
that are not appropriate for inclusion in line or to indicate the source for
facts or other material used in the text. Footnote content is always skipped
at the place where it was entered, and reproduced elsewhere, according to
these rules: </shortdesc>
   <prolog>
      <metadata>
         <keywords>
            <indexterm>fn (footnote)</indexterm>
            <indexterm>footnote (fn)</indexterm>
            <indexterm>Miscellaneous
elements<indexterm>fn</indexterm>
            </indexterm>
            <indexterm>fn</indexterm>
         </keywords>
      </metadata>
   </prolog>
   <refbody>
      <section>
         <ul>

            
            
            <li>A footnote with no given <i>
                  
                  
                  <keyword>id</keyword>
               
               
               </i> attribute is a <b>single-use</b> footnote.
Upon output, it generates a number as a superscript <q>callout</q> that is
linked to the placement of the footnote, usually at the bottom of the immediate
printed page or at the end of the Web article. Subsequent footnotes in the
same topic will have the next number in sequence for their callouts. If you
enter a particular character in the <i>
                  
                  
                  <keyword>callout</keyword>
               
               
               </i> attribute
for the footnote, that character will be used as the superscript <q>callout</q> that
is linked to the placement of the footnote. <ph product="idwb38">This override
callout mechanism is not supported for PDF output.</ph>
            
            
            </li>

            
            
            <li>A footnote entered with an <i>
                  
                  
                  <keyword>id</keyword>
               
               
               </i> attribute is a <b>use-by-reference</b> footnote.
Upon output, it does not appear anywhere unless it has been referenced using
an &lt;<keyword>xref</keyword>&gt; with the <i>
                  
                  
                  <keyword>type</keyword>
               
               
               </i> attribute
set to <q>fn</q>. The same callout behaviors will apply.</li>

            
            
            <li>Ordinarily, a footnote in one topic can't be referenced in another topic.
The previous behaviors are local to each topic. But by using the &lt;<keyword>conref</keyword>&gt;
mechanism, you can instance another topic's footnote into the local topic
where it will then follow those behaviors:<ul>

                  
                  
                  <li>If you use <codeph>&lt;fn conref="thatid"&gt;&lt;/fn&gt;</codeph> all by itself,
the result will be the same as the single-use footnote entered literally in
the same location.</li>

                  
                  
                  <li>If you use <codeph>&lt;fn conref="thatid" id="thisid"&gt;&lt;/fn&gt;</codeph>,
then <codeph>&lt;xref href="thisid" type="fn"/&gt;</codeph>, the result will
be the same as the use-by-reference model described before.</li>

               
               
               </ul>
            
            
            </li>

         
         
         </ul>
      </section>
      <refsyn>
         <title>Contained by</title>
         <xref href="section.xml">section</xref> ,  <xref href="example.xml">example</xref> ,  <xref href="p.xml">p</xref> ,
 <xref href="note.xml">note</xref> ,  <xref href="lq.xml">lq</xref> ,
 <xref href="sli.xml">sli</xref> ,  <xref href="li.xml">li</xref> ,
 <xref href="itemgroup.xml">itemgroup</xref> ,  <xref href="dd.xml">dd</xref> ,  <xref href="figgroup.xml">figgroup</xref> ,
 <xref href="pre.xml">pre</xref> ,  <xref href="lines.xml">lines</xref> ,  <xref href="ph.xml">ph</xref> ,
 <xref href="stentry.xml">stentry</xref> ,  <xref href="entry.xml">entry</xref> ,  <xref href="prereq.xml">prereq</xref> ,
 <xref href="context.xml">context</xref> ,  <xref href="cmd.xml">cmd</xref> ,  <xref href="info.xml">info</xref> ,
 <xref href="tutorialinfo.xml">tutorialinfo</xref> ,  <xref href="stepxmp.xml">stepxmp</xref> ,  <xref href="choptionhd.xml">choptionhd</xref> ,  <xref href="chdeschd.xml">chdeschd</xref> ,
 <xref href="choption.xml">choption</xref> ,  <xref href="chdesc.xml">chdesc</xref> ,  <xref href="stepresult.xml">stepresult</xref> ,
 <xref href="result.xml">result</xref> ,  <xref href="postreq.xml">postreq</xref> ,  <xref href="refsyn.xml">refsyn</xref> ,
 <xref href="proptype.xml">proptype</xref> ,  <xref href="propvalue.xml">propvalue</xref> ,  <xref href="screen.xml">screen</xref> ,
 <xref href="codeblock.xml">codeblock</xref> ,  <xref href="pd.xml">pd</xref>
      </refsyn>
      <refsyn>
         <title>Contains</title> text data or <xref href="ph.xml">ph</xref> or <xref href="term.xml">term</xref> or <xref href="xref.xml">xref</xref> or <xref href="cite.xml">cite</xref> or <xref href="q.xml">q</xref> or <xref href="boolean.xml">boolean</xref> or <xref href="state.xml">state</xref> or <xref href="keyword.xml">keyword</xref> or <xref href="tm.xml">tm</xref> or <xref href="p.xml">p</xref> or <xref href="lq.xml">lq</xref> or <xref href="note.xml">note</xref> or <xref href="dl.xml">dl</xref> or <xref href="ul.xml">ul</xref> or <xref href="ol.xml">ol</xref> or <xref href="sl.xml">sl</xref> or <xref href="pre.xml">pre</xref> or <xref href="lines.xml">lines</xref> or <xref href="fig.xml">fig</xref> or <xref href="image.xml">image</xref> or <xref href="object.xml">object</xref>
      </refsyn>
      <section>
         <title>Attributes</title>
         <simpletable relcolwidth="2* 3* 1* 1* 1*" id="fn_attr">
            <sthead>
               <stentry>Name</stentry>
               <stentry>Description</stentry>
               <stentry>Data Type</stentry>
               <stentry>Default Value</stentry>
               <stentry>Required?</stentry>
            </sthead>
            <strow conref="commonLRdefs.xml#commonLRdefs/callout">
               <stentry/>
               <stentry/>
               <stentry/>
               <stentry/>
               <stentry/>
            </strow>
            <strow conref="commonLRdefs.xml#commonLRdefs/univ-atts">
               <stentry/>
               <stentry/>
               <stentry/>
               <stentry/>
               <stentry/>
            </strow>
            <strow conref="commonLRdefs.xml#commonLRdefs/outputclass">
               <stentry/>
               <stentry/>
               <stentry/>
               <stentry/>
               <stentry/>
            </strow>
            <strow conref="commonLRdefs.xml#commonLRdefs/global-atts">
               <stentry/>
               <stentry/>
               <stentry/>
               <stentry/>
               <stentry/>
            </strow>
            <strow conref="commonLRdefs.xml#commonLRdefs/class">
               <stentry/>
               <stentry/>
               <stentry/>
               <stentry/>
               <stentry/>
            </strow>
         </simpletable>
      </section>
      <example>This markup:<codeblock>The memory storage capacity of the computer is 
2 GB&lt;fn callout="#"&gt;A GB (gigabyte) is equal to 
1 million bytes&lt;/fn&gt; with error correcting support.</codeblock>produces
this output:<lq>The memory storage capacity of the computer is 2 GB<fn callout="#">A
GB (gigabyte) is  equal to 1 million bytes</fn> with error correcting support.</lq>
         <note>Footnote
support may vary between different output types, depending on
conventions and capabilities. For example, PDF output may lack support for
the <i>callout</i> attribute, or footnotes may be collected as endnotes for
certain types of Web publications.</note>
      </example>
   </refbody>
</reference>