<?xml version='1.0' encoding='utf-8'?>
<!-- (C) Copyright IBM Corporation 2001, 2005. All Rights Reserved.


 *-->
<?xml-stylesheet href="../../xsl/dita2html_shell.xsl" type="text/xsl"?>
<!DOCTYPE reference PUBLIC "-//IBM//DTD DITA Reference//EN" "../../dtd/reference.dtd" []>
<reference id="highld" xml:lang="en-us">
   <title>Typographic elements</title>
   <refbody>
      <section>
         <p>The typographic elements are used to highlight text with styles (such as
bold, italic, and monospace).<indexterm>Domains elements<indexterm>typographic
elements</indexterm>
            </indexterm>
            
            <indexterm>typographic elements</indexterm>
         
         </p>
      </section>
   </refbody>
</reference>