<?xml version='1.0' encoding='utf-8'?>
<!-- (C) Copyright IBM Corporation 2001, 2005. All Rights Reserved.


 *-->
<?xml-stylesheet href="../../xsl/dita2html_shell.xsl" type="text/xsl"?>
<!DOCTYPE reference PUBLIC "-//IBM//DTD DITA Reference//EN" "../../dtd/reference.dtd" []>
<reference id="indexterm" xml:lang="en-us">
   <title>
      <keyword>indexterm</keyword>
   </title>
   <shortdesc>An &lt;<keyword>indexterm</keyword>&gt; is an index entry. You can nest entries
to create multi-level indexes. The content is not output as part of topic
content, only as part of the index.</shortdesc>
   <prolog>
      <metadata>
         <keywords>
            <indexterm>indexterm</indexterm>
            <indexterm>Miscellaneous
elements<indexterm>indexterm</indexterm>
            </indexterm>
            <indexterm>indexterm</indexterm>
         </keywords>
      </metadata>
   </prolog>
   <refbody>
      <section>
         <p>When DITA topics are output
to XHTML, any keyword or indexterm elements in the &lt;<keyword>keywords</keyword>&gt; element
are placed in the Web page metadata. In addition, the indexterms are added
to supported index processing (for example, for print versions).</p>
      </section>
      <refsyn>
         <title>Contained by</title>
         <xref href="section.xml">section</xref> ,  <xref href="example.xml">example</xref> ,  <xref href="p.xml">p</xref> ,
 <xref href="note.xml">note</xref> ,  <xref href="lq.xml">lq</xref> ,
 <xref href="sli.xml">sli</xref> ,  <xref href="li.xml">li</xref> ,
 <xref href="itemgroup.xml">itemgroup</xref> ,  <xref href="dd.xml">dd</xref> ,  <xref href="pre.xml">pre</xref> ,
 <xref href="lines.xml">lines</xref> ,  <xref href="ph.xml">ph</xref> ,  <xref href="stentry.xml">stentry</xref> ,
 <xref href="entry.xml">entry</xref> ,  <xref href="keywords.xml">keywords</xref> ,  <xref href="indexterm.xml">indexterm</xref> ,
 <xref href="prereq.xml">prereq</xref> ,  <xref href="context.xml">context</xref> ,  <xref href="cmd.xml">cmd</xref> ,
 <xref href="info.xml">info</xref> ,  <xref href="tutorialinfo.xml">tutorialinfo</xref> ,  <xref href="stepxmp.xml">stepxmp</xref> ,
 <xref href="choptionhd.xml">choptionhd</xref> ,  <xref href="chdeschd.xml">chdeschd</xref> ,  <xref href="choption.xml">choption</xref> ,
 <xref href="chdesc.xml">chdesc</xref> ,  <xref href="stepresult.xml">stepresult</xref> ,  <xref href="result.xml">result</xref> ,
 <xref href="postreq.xml">postreq</xref> ,  <xref href="refsyn.xml">refsyn</xref> ,  <xref href="proptype.xml">proptype</xref> ,
 <xref href="propvalue.xml">propvalue</xref> ,  <xref href="screen.xml">screen</xref> ,  <xref href="codeblock.xml">codeblock</xref> ,
 <xref href="pd.xml">pd</xref>
      </refsyn>
      <refsyn>
         <title>Contains</title> text data or <xref href="indexterm.xml">indexterm</xref>
      </refsyn>
      <section>
         <title>Attributes</title>
         <simpletable relcolwidth="2* 3* 1* 1* 1*" id="indexterm_attr">
            <sthead>
               <stentry>Name</stentry>
               <stentry>Description</stentry>
               <stentry>Data Type</stentry>
               <stentry>Default Value</stentry>
               <stentry>Required?</stentry>
            </sthead>
            <strow conref="commonLRdefs.xml#commonLRdefs/keyref">
               <stentry/>
               <stentry/>
               <stentry/>
               <stentry/>
               <stentry/>
            </strow>
            <strow conref="commonLRdefs.xml#commonLRdefs/univ-atts">
               <stentry/>
               <stentry/>
               <stentry/>
               <stentry/>
               <stentry/>
            </strow>
            <strow conref="commonLRdefs.xml#commonLRdefs/global-atts">
               <stentry/>
               <stentry/>
               <stentry/>
               <stentry/>
               <stentry/>
            </strow>
            <strow conref="commonLRdefs.xml#commonLRdefs/class">
               <stentry/>
               <stentry/>
               <stentry/>
               <stentry/>
               <stentry/>
            </strow>
         </simpletable>
      </section>
      <example>
         <codeblock>&lt;purpose&gt;An indexterm is an index entry. You can nest entries to 
create multi-level indexes.&lt;indexterm&gt;indexterm&lt;/indexterm&gt;
&lt;indexterm&gt;Valid in Many Places elements&lt;indexterm&gt;indexterm&lt;/indexterm&gt;
&lt;/indexterm&gt;&lt;/purpose&gt;</codeblock>
      </example>
   </refbody>
</reference>