<?xml version='1.0' encoding='utf-8'?>
<!-- (C) Copyright IBM Corporation 2001, 2005. All Rights Reserved.


 *-->
<?xml-stylesheet href="../../xsl/dita2html_shell.xsl" type="text/xsl"?>
<!DOCTYPE reference PUBLIC "-//IBM//DTD DITA Reference//EN" "../../dtd/reference.dtd" []>
<reference id="kwd" xml:lang="en-us">
   <title>
      <keyword>kwd</keyword>
   </title>
   <shortdesc>The &lt;<keyword>kwd</keyword>&gt; element defines a keyword in a syntax
definition. A keyword must be typed or output, either by the user or application,
exactly as specified in the syntax definition. This element is
part of the DITA programming domain, a special set of DITA elements designed
to document programming tasks, concepts and reference information.</shortdesc>
   <prolog>
      <metadata>
         <keywords>
            <indexterm>kwd</indexterm>
            <indexterm>Domain
elements<indexterm>kwd</indexterm>
            </indexterm>
            <indexterm>kwd</indexterm>
         </keywords>
      </metadata>
   </prolog>
   <refbody>
      <refsyn>
         <title>Contained by</title>
         <xref href="synph.xml">synph</xref> ,  <xref href="groupseq.xml">groupseq</xref> ,  <xref href="groupchoice.xml">groupchoice</xref> ,
 <xref href="groupcomp.xml">groupcomp</xref>
      </refsyn>
      <refsyn>
         <title>Contains</title> text data </refsyn>
      <section>
         <title>Attributes</title>
         <simpletable relcolwidth="2* 3* 1* 1* 1*" id="kwd_attr">
            <sthead>
               <stentry>Name</stentry>
               <stentry>Description</stentry>
               <stentry>Data Type</stentry>
               <stentry>Default Value</stentry>
               <stentry>Required?</stentry>
            </sthead>
            <strow conref="commonLRdefs.xml#commonLRdefs/keyref-kwd">
               <stentry/>
               <stentry/>
               <stentry/>
               <stentry/>
               <stentry/>
            </strow>
            <strow conref="commonLRdefs.xml#commonLRdefs/importance-var">
               <stentry/>
               <stentry/>
               <stentry/>
               <stentry/>
               <stentry/>
            </strow>
            <strow conref="commonLRdefs.xml#commonLRdefs/univ-atts-no-importance">
               <stentry/>
               <stentry/>
               <stentry/>
               <stentry/>
               <stentry/>
            </strow>
            <strow conref="commonLRdefs.xml#commonLRdefs/outputclass">
               <stentry/>
               <stentry/>
               <stentry/>
               <stentry/>
               <stentry/>
            </strow>
            <strow conref="commonLRdefs.xml#commonLRdefs/global-atts">
               <stentry/>
               <stentry/>
               <stentry/>
               <stentry/>
               <stentry/>
            </strow>
            <strow conref="commonLRdefs.xml#commonLRdefs/class">
               <stentry/>
               <stentry/>
               <stentry/>
               <stentry/>
               <stentry/>
            </strow>
         </simpletable>
      </section>
      <example>
         <pre>&lt;syntaxdiagram frame="bottom"&gt;
 &lt;title&gt;CopyFile&lt;/title&gt;
 &lt;groupseq&gt;<b>&lt;kwd&gt;</b>COPYF<b>&lt;/kwd&gt;</b>&lt;/groupseq&gt;
 &lt;groupcomp&gt;&lt;var&gt;input-filename&lt;/var&gt;<b>&lt;kwd&gt;</b>*INFILE<b>&lt;/kwd&gt;</b>&lt;/groupcomp&gt;
 &lt;groupseq&gt;&lt;var&gt;output-filename&lt;/var&gt;<b>&lt;kwd&gt;</b>*OUTFILE<b>&lt;/kwd&gt;</b>&lt;/groupseq&gt;
 &lt;groupchoice&gt;&lt;var&gt;input-filename&lt;/var&gt;<b>&lt;kwd&gt;</b>*INFILE<b>&lt;/kwd&gt;</b>&lt;/groupchoice&gt;
 &lt;groupchoice&gt;&lt;var&gt;output-filename&lt;/var&gt;<b>&lt;kwd&gt;</b>*OUTFILE<b>&lt;/kwd&gt;</b>&lt;/groupchoice&gt;
&lt;/syntaxdiagram&gt;</pre>
      </example>
   </refbody>
</reference>