<?xml version='1.0' encoding='utf-8'?>
<!-- (C) Copyright IBM Corporation 2001, 2005. All Rights Reserved.


 *-->
<?xml-stylesheet href="../../xsl/dita2html_shell.xsl" type="text/xsl"?>
<!DOCTYPE reference PUBLIC "-//IBM//DTD DITA Reference//EN" "../../dtd/reference.dtd" []>
<reference id="linkinfo" xml:lang="en-us">
   <title>
      <keyword>linkinfo</keyword>
   </title>
   <shortdesc>The &lt;<keyword>linkinfo</keyword>&gt; element allows
you to place a descriptive paragraph following a list of links in a <ph>
         <xref href="linklist.xml">linklist</xref>
      </ph> element. </shortdesc>
   <prolog>
      <metadata>
         <keywords>
            <indexterm>linkinfo</indexterm>
            <indexterm>Related
Links elements<indexterm>linkinfo</indexterm>
            </indexterm>
            <indexterm>linkinfo</indexterm>
         </keywords>
      </metadata>
   </prolog>
   <refbody>
      <section/>
      <refsyn>
         <title>Contained by</title>
         <xref href="linklist.xml">linklist</xref>
      </refsyn>
      <refsyn>
         <title>Contains</title> text data or <xref href="ph.xml">ph</xref> or <xref href="term.xml">term</xref> or <xref href="xref.xml">xref</xref> or <xref href="cite.xml">cite</xref> or <xref href="q.xml">q</xref> or <xref href="boolean.xml">boolean</xref> or <xref href="state.xml">state</xref> or <xref href="keyword.xml">keyword</xref> or <xref href="tm.xml">tm</xref> or <xref href="p.xml">p</xref> or <xref href="lq.xml">lq</xref> or <xref href="note.xml">note</xref> or <xref href="dl.xml">dl</xref> or <xref href="ul.xml">ul</xref> or <xref href="ol.xml">ol</xref> or <xref href="sl.xml">sl</xref> or <xref href="pre.xml">pre</xref> or <xref href="lines.xml">lines</xref> or <xref href="image.xml">image</xref>
      </refsyn>
      <section>
         <title>Attributes</title>
         <simpletable relcolwidth="2* 3* 1* 1* 1*" id="linkinfo_attr">
            <sthead>
               <stentry>Name</stentry>
               <stentry>Description</stentry>
               <stentry>Data Type</stentry>
               <stentry>Default Value</stentry>
               <stentry>Required?</stentry>
            </sthead>
            <strow conref="commonLRdefs.xml#commonLRdefs/global-atts">
               <stentry/>
               <stentry/>
               <stentry/>
               <stentry/>
               <stentry/>
            </strow>
            <strow conref="commonLRdefs.xml#commonLRdefs/class">
               <stentry/>
               <stentry/>
               <stentry/>
               <stentry/>
               <stentry/>
            </strow>
         </simpletable>
      </section>
      <example>
         <codeblock>&lt;linklist&gt;
  &lt;title&gt;Related tasks&lt;/title&gt;
  &lt;link href="debug.xml" type="task"&gt;&lt;/link&gt;
  &lt;link href="repair.xml" type="task"&gt;&lt;/link&gt;
  &lt;link href="test.xml" type="task"&gt;&lt;/link&gt;
  &lt;linkinfo&gt;To repair a reciprocating widget,
you must follow the instructions very carefully. Note
the sequence to follow. Do it.&lt;/linkinfo&gt;
&lt;/linklist&gt;</codeblock>
      </example>
   </refbody>
</reference>