<?xml version='1.0' encoding='utf-8'?>
<!-- (C) Copyright IBM Corporation 2001, 2005. All Rights Reserved.


 *-->
<?xml-stylesheet href="../../xsl/dita2html_shell.xsl" type="text/xsl"?>
<!DOCTYPE reference PUBLIC "-//IBM//DTD DITA Reference//EN" "../../dtd/reference.dtd" []>
<reference id="lq" xml:lang="en-us">
   <title>
      <keyword>lq</keyword>
   </title>
   <shortdesc> The long quote (&lt;<keyword>lq</keyword>&gt;) element indicates content quoted
from another source. Use the quote element &lt;<keyword>q</keyword>&gt;for short, inline
quotations, and long quote &lt;<keyword>lq</keyword>&gt; for quotations that are too long
for inline use, following normal guidelines for quoting other sources. You
can store a URL to the source of the quotation in the <i>
         
         
         <keyword>href</keyword>
      
      
      </i> attribute.</shortdesc>
   <prolog>
      <metadata>
         <keywords>
            <indexterm>lq (long quote)</indexterm>
            <indexterm>long
quote (lq)</indexterm>
            <indexterm>quote, long (lq)</indexterm>
            <indexterm>Body
elements<indexterm>lq</indexterm>
            </indexterm>
            <indexterm>lq</indexterm>
         </keywords>
      </metadata>
   </prolog>
   <refbody>
      <section>
         <note type="other" othertype="Future DITA considerations">
            
            
            <p>Bibliographic citations
obviously are more complex than can be supported by a URL alone.   Typical
alternate addressing schemes include ISBN, Dewey Decimal, floor/aisle/shelf
number, catalog number, Web publisher query link, newpaper name/date/section/page#,
and many others, depending on the media, conventions for addressing, and the
amount of additional metadata required to describe a bibliographic resource
(such as prescribed by MLA citation guidelines).</p>
            
            
            <p>Many external repositories
of bibliographic descriptions already exist. The still-to-be-implemented keyref
is an application-independent way to index a quote to a more complete bibliographic
description for a resource that exists elsewhere (perhaps in other DTDs or
databases).</p>
         
         
         </note>
      </section>
      <refsyn>
         <title>Contained by</title>
         <xref href="body.xml">body</xref> ,  <xref href="section.xml">section</xref> ,  <xref href="example.xml">example</xref> ,
 <xref href="desc.xml">desc</xref> ,  <xref href="p.xml">p</xref> ,
 <xref href="note.xml">note</xref> ,  <xref href="li.xml">li</xref> ,
 <xref href="itemgroup.xml">itemgroup</xref> ,  <xref href="dd.xml">dd</xref> ,  <xref href="fig.xml">fig</xref> ,
 <xref href="stentry.xml">stentry</xref> ,  <xref href="draft-comment.xml">draft-comment</xref> ,  <xref href="fn.xml">fn</xref> ,
 <xref href="linkinfo.xml">linkinfo</xref> ,  <xref href="entry.xml">entry</xref> ,  <xref href="conbody.xml">conbody</xref> ,
 <xref href="prereq.xml">prereq</xref> ,  <xref href="context.xml">context</xref> ,  <xref href="info.xml">info</xref> ,
 <xref href="tutorialinfo.xml">tutorialinfo</xref> ,  <xref href="stepxmp.xml">stepxmp</xref> ,  <xref href="choptionhd.xml">choptionhd</xref> ,  <xref href="chdeschd.xml">chdeschd</xref> ,
 <xref href="choption.xml">choption</xref> ,  <xref href="chdesc.xml">chdesc</xref> ,  <xref href="stepresult.xml">stepresult</xref> ,
 <xref href="result.xml">result</xref> ,  <xref href="postreq.xml">postreq</xref> ,  <xref href="refsyn.xml">refsyn</xref> ,
 <xref href="propdesc.xml">propdesc</xref> ,  <xref href="pd.xml">pd</xref>
      </refsyn>
      <refsyn>
         <title>Contains</title> text data or <xref href="ph.xml">ph</xref> or <xref href="term.xml">term</xref> or <xref href="xref.xml">xref</xref> or <xref href="cite.xml">cite</xref> or <xref href="q.xml">q</xref> or <xref href="boolean.xml">boolean</xref> or <xref href="state.xml">state</xref> or <xref href="keyword.xml">keyword</xref> or <xref href="tm.xml">tm</xref> or <xref href="p.xml">p</xref> or <xref href="note.xml">note</xref> or <xref href="dl.xml">dl</xref> or <xref href="ul.xml">ul</xref> or <xref href="ol.xml">ol</xref> or <xref href="sl.xml">sl</xref> or <xref href="pre.xml">pre</xref> or <xref href="lines.xml">lines</xref> or <xref href="fig.xml">fig</xref> or <xref href="image.xml">image</xref> or <xref href="object.xml">object</xref> or <xref href="table.xml">table</xref> or <xref href="simpletable.xml">simpletable</xref> or <xref href="draft-comment.xml">draft-comment</xref> or <xref href="required-cleanup.xml">required-cleanup</xref> or <xref href="fn.xml">fn</xref> or <xref href="indextermref.xml">indextermref</xref> or <xref href="indexterm.xml">indexterm</xref>
      </refsyn>
      <section>
         <title>Attributes</title>
         <simpletable relcolwidth="2* 3* 1* 1* 1*" id="lq_attr">
            <sthead>
               <stentry>Name</stentry>
               <stentry>Description</stentry>
               <stentry>Data Type</stentry>
               <stentry>Default Value</stentry>
               <stentry>Required?</stentry>
            </sthead>
            <strow conref="commonLRdefs.xml#commonLRdefs/href-lq">
               <stentry/>
               <stentry/>
               <stentry/>
               <stentry/>
               <stentry/>
            </strow>
            <strow conref="commonLRdefs.xml#commonLRdefs/keyref">
               <stentry/>
               <stentry/>
               <stentry/>
               <stentry/>
               <stentry/>
            </strow>
            <strow conref="commonLRdefs.xml#commonLRdefs/type-lq">
               <stentry/>
               <stentry/>
               <stentry/>
               <stentry/>
               <stentry/>
            </strow>
            <strow conref="commonLRdefs.xml#commonLRdefs/reftitle">
               <stentry/>
               <stentry/>
               <stentry/>
               <stentry/>
               <stentry/>
            </strow>
            <strow conref="commonLRdefs.xml#commonLRdefs/univ-atts">
               <stentry/>
               <stentry/>
               <stentry/>
               <stentry/>
               <stentry/>
            </strow>
            <strow conref="commonLRdefs.xml#commonLRdefs/outputclass">
               <stentry/>
               <stentry/>
               <stentry/>
               <stentry/>
               <stentry/>
            </strow>
            <strow conref="commonLRdefs.xml#commonLRdefs/global-atts">
               <stentry/>
               <stentry/>
               <stentry/>
               <stentry/>
               <stentry/>
            </strow>
            <strow conref="commonLRdefs.xml#commonLRdefs/class">
               <stentry/>
               <stentry/>
               <stentry/>
               <stentry/>
               <stentry/>
            </strow>
         </simpletable>
      </section>
      <example>
         <codeblock>&lt;p&gt;This is the first line of the address that 
Abraham Lincoln delivered on November 19, 1863 for the dedication 
of the cemetery at Gettysburg, Pennsylvania.&lt;/p&gt;
&lt;lq&gt;Four score and seven years ago our fathers brought forth on this continent a new
nation, conceived in liberty, and dedicated to the proposition that all men
are created equal.&lt;/lq&gt;</codeblock>
      </example>
   </refbody>
</reference>