<?xml version='1.0' encoding='utf-8'?>
<!-- (C) Copyright IBM Corporation 2001, 2005. All Rights Reserved.


 *-->
<?xml-stylesheet href="../../xsl/dita2html_shell.xsl" type="text/xsl"?>
<!DOCTYPE reference PUBLIC "-//IBM//DTD DITA Reference//EN" "../../dtd/reference.dtd" []>
<reference id="msgblock" xml:lang="en-us">
   <title>
      <keyword>msgblock</keyword>
   </title>
   <shortdesc>The message block (&lt;<keyword>msgblock</keyword>&gt;) element contains a multi-line
message or set of messages. The message block can contain multiple message
numbers and message descriptions, each enclosed in a &lt;<keyword>msgnum</keyword>&gt; and &lt;<keyword>msgph</keyword>&gt; element.
It can also contain the message content directly. This element is part of
the DITA software domain, a special set of DITA elements designed to document
software tasks, concepts and reference information.</shortdesc>
   <prolog>
      <metadata>
         <keywords>
            <indexterm>msgblock</indexterm>
            <indexterm>Domain
elements<indexterm>msgblock</indexterm>
            </indexterm>
            <indexterm>msgblock</indexterm>
         </keywords>
      </metadata>
   </prolog>
   <refbody>
      <refsyn>
         <title>Contained by</title>The same contexts as <xref href="pre.xml">pre</xref>
      </refsyn>
      <refsyn>
         <title>Contains</title> text data or <xref href="varname.xml">varname</xref> or <xref href="msgnum.xml">msgnum</xref>
      </refsyn>
      <section>
         <title>Attributes</title>
         <simpletable relcolwidth="2* 3* 1* 1* 1*" id="msgblock_attr">
            <sthead>
               <stentry>Name</stentry>
               <stentry>Description</stentry>
               <stentry>Data Type</stentry>
               <stentry>Default Value</stentry>
               <stentry>Required?</stentry>
            </sthead>
            <strow conref="commonLRdefs.xml#commonLRdefs/display-atts">
               <stentry/>
               <stentry/>
               <stentry/>
               <stentry/>
               <stentry/>
            </strow>
            <strow conref="commonLRdefs.xml#commonLRdefs/univ-atts">
               <stentry/>
               <stentry/>
               <stentry/>
               <stentry/>
               <stentry/>
            </strow>
            <strow conref="commonLRdefs.xml#commonLRdefs/spectitle">
               <stentry/>
               <stentry/>
               <stentry/>
               <stentry/>
               <stentry/>
            </strow>
            <strow conref="commonLRdefs.xml#commonLRdefs/outputclass">
               <stentry/>
               <stentry/>
               <stentry/>
               <stentry/>
               <stentry/>
            </strow>
            <strow conref="commonLRdefs.xml#commonLRdefs/xmlspace">
               <stentry/>
               <stentry/>
               <stentry/>
               <stentry/>
               <stentry/>
            </strow>
            <strow conref="commonLRdefs.xml#commonLRdefs/global-atts">
               <stentry/>
               <stentry/>
               <stentry/>
               <stentry/>
               <stentry/>
            </strow>
            <strow conref="commonLRdefs.xml#commonLRdefs/class">
               <stentry/>
               <stentry/>
               <stentry/>
               <stentry/>
               <stentry/>
            </strow>
         </simpletable>
      </section>
      <example>
         <pre>&lt;p&gt;A sequence of failed password attempts generates the following
characteristic message stream:&lt;/p&gt;
&lt;msgblock&gt;
I:0
S:3
I:1
S:3
I:1
S:4
S:99 (lockup)</pre>
      </example>
   </refbody>
</reference>