<?xml version="1.0" encoding="utf-8"?>
<!-- (C) Copyright IBM Corporation 2001, 2005. All Rights Reserved. -->

<!DOCTYPE reference
  PUBLIC "-//IBM//DTD DITA Reference//EN" "../../dtd/reference.dtd">
<reference id="oper" xml:lang="en-us">
   <title>
      <keyword>oper</keyword>
   </title>
   <shortdesc>The operator (&lt;<keyword>oper</keyword>&gt;) element defines an operator
within a syntax definition. Typical operators are equals (=), plus (+) or
multiply (*). This element is part of the DITA programming domain, a special
set of DITA elements designed to document programming tasks, concepts and
reference information.</shortdesc>
   <prolog>
      <metadata>
         <keywords>
            <indexterm>oper</indexterm>
            <indexterm>Domain elements<indexterm>oper</indexterm>
            </indexterm>
            <indexterm>oper</indexterm>
         </keywords>
      </metadata>
   </prolog>
   <refbody>
      <refsyn>
         <title>Contained by</title>
         <xref href="synph.xml">synph</xref> ,  <xref href="groupseq.xml">groupseq</xref> ,  <xref href="groupchoice.xml">groupchoice</xref> ,
 <xref href="groupcomp.xml">groupcomp</xref>
      </refsyn>
      <refsyn>
         <title>Contains</title> text data </refsyn>
      <section>
         <title>Attributes</title>
         <simpletable relcolwidth="2* 3* 1* 1* 1*" id="oper_attr">
            <sthead>
               <stentry>Name</stentry>
               <stentry>Description</stentry>
               <stentry>Data Type</stentry>
               <stentry>Default Value</stentry>
               <stentry>Required?</stentry>
            </sthead>
            <strow conref="commonLRdefs.xml#commonLRdefs/importance-var">
               <stentry/>
               <stentry/>
               <stentry/>
               <stentry/>
               <stentry/>
            </strow>
            <strow conref="commonLRdefs.xml#commonLRdefs/univ-atts-no-importance">
               <stentry/>
               <stentry/>
               <stentry/>
               <stentry/>
               <stentry/>
            </strow>
            <strow conref="commonLRdefs.xml#commonLRdefs/outputclass">
               <stentry/>
               <stentry/>
               <stentry/>
               <stentry/>
               <stentry/>
            </strow>
            <strow conref="commonLRdefs.xml#commonLRdefs/global-atts">
               <stentry/>
               <stentry/>
               <stentry/>
               <stentry/>
               <stentry/>
            </strow>
            <strow conref="commonLRdefs.xml#commonLRdefs/class">
               <stentry/>
               <stentry/>
               <stentry/>
               <stentry/>
               <stentry/>
            </strow>
         </simpletable>
      </section>
      <example>
         <pre>&lt;syntaxdiagram&gt;
  &lt;title&gt;Adding&lt;/title&gt;
  &lt;groupseq&gt;&lt;kwd&gt;1&lt;/kwd&gt;<b>&lt;oper&gt;</b>+<b>&lt;/oper&gt;</b>&lt;var&gt;two&lt;/var&gt;
&lt;delim&gt;=&lt;/delim&gt;&lt;kwd&gt;something&lt;/kwd&gt;
  &lt;/groupseq&gt;
&lt;/syntaxdiagram&gt;</pre>
      </example>
   </refbody>
</reference>