<?xml version='1.0' encoding='utf-8'?>
<!-- (C) Copyright IBM Corporation 2001, 2005. All Rights Reserved.


 *-->
<?xml-stylesheet href="../../xsl/dita2html_shell.xsl" type="text/xsl"?>
<!DOCTYPE reference PUBLIC "-//IBM//DTD DITA Reference//EN" "../../dtd/reference.dtd" []>
<reference id="pd" xml:lang="en-us">
  <title>
    <keyword>pd</keyword>
  </title>
  <shortdesc>A parameter definition, within a parameter list entry, is enclosed by the &lt;<keyword>pd</keyword>&gt; element. This element is part of the DITA programming domain, a special set of DITA elements designed to document programming tasks, concepts and reference information.</shortdesc>
  <prolog>
    <metadata>
      <keywords>
        <indexterm>pd (parameter description)</indexterm>
        <indexterm>parameter description (pd)</indexterm>
        <indexterm>Domain elements<indexterm>pd</indexterm></indexterm>
        <indexterm>pd</indexterm>
      </keywords>
    </metadata>
  </prolog>
  <refbody>
    <refsyn>
      <title>Contained by</title>
      <xref href="plentry.xml">plentry</xref>
    </refsyn>
    <refsyn><title>Contains</title> text data or <xref href="ph.xml">ph</xref> or <xref href="term.xml">term</xref> or <xref href="xref.xml">xref</xref> or <xref href="cite.xml">cite</xref> or <xref href="q.xml">q</xref> or <xref href="boolean.xml">boolean</xref> or <xref href="state.xml">state</xref> or <xref href="keyword.xml">keyword</xref> or <xref href="tm.xml">tm</xref> or <xref href="p.xml">p</xref> or <xref href="lq.xml">lq</xref> or <xref href="note.xml">note</xref> or <xref href="dl.xml">dl</xref> or <xref href="ul.xml">ul</xref> or <xref href="ol.xml">ol</xref> or <xref href="sl.xml">sl</xref> or <xref href="pre.xml">pre</xref> or <xref href="lines.xml">lines</xref> or <xref href="fig.xml">fig</xref> or <xref href="image.xml">image</xref> or <xref href="object.xml">object</xref> or <xref href="table.xml">table</xref> or <xref href="simpletable.xml">simpletable</xref> or <xref href="itemgroup.xml">itemgroup</xref> or <xref href="draft-comment.xml">draft-comment</xref> or <xref href="required-cleanup.xml">required-cleanup</xref> or <xref href="fn.xml">fn</xref> or <xref href="indextermref.xml">indextermref</xref> or <xref href="indexterm.xml">indexterm</xref></refsyn>
    <section>
      <title>Attributes</title>
      <simpletable relcolwidth="2* 3* 1* 1* 1*" id="pd_attr">
        <sthead>
          <stentry>Name</stentry>
          <stentry>Description</stentry>
          <stentry>Data Type</stentry>
          <stentry>Default Value</stentry>
          <stentry>Required?</stentry>
        </sthead>
        <strow conref="commonLRdefs.xml#commonLRdefs/univ-atts">
          <stentry/>
          <stentry/>
          <stentry/>
          <stentry/>
          <stentry/>
        </strow>
        <strow conref="commonLRdefs.xml#commonLRdefs/outputclass">
          <stentry/>
          <stentry/>
          <stentry/>
          <stentry/>
          <stentry/>
        </strow>
        <strow conref="commonLRdefs.xml#commonLRdefs/global-atts">
          <stentry/>
          <stentry/>
          <stentry/>
          <stentry/>
          <stentry/>
        </strow>
        <strow conref="commonLRdefs.xml#commonLRdefs/class">
          <stentry/>
          <stentry/>
          <stentry/>
          <stentry/>
          <stentry/>
        </strow>
      </simpletable>
    </section>
    <example><title>Markup Example</title>This code example is a basic method signature:<codeblock>returnType methodName(pList1, pList2) {</codeblock>where<parml>
        <plentry>
          <pt>pList1</pt>
          <pd>is the first variable declaration passed to methodName</pd>
        </plentry>
        <plentry>
          <pt>pList2</pt>
          <pd>is the second variable declaration passed to methodName</pd>
        </plentry>
      </parml><codeblock spectitle="Markup Equivalent">This code example is a basic method signature:
&lt;codeblock&gt;returnType methodName(pList1, pList2) {&lt;/codeblock&gt;
where
&lt;parml&gt;
 &lt;plentry&gt;
  &lt;pt&gt;pList1&lt;/pt&gt;
  <b>&lt;pd&gt;is the first variable declaration passed to methodName&lt;/pd&gt;</b>
 &lt;/plentry&gt;
 &lt;plentry&gt;
  &lt;pt&gt;pList2&lt;/pt&gt;
  <b>&lt;pd&gt;is the second variable declaration passed to methodName&lt;/pd&gt;</b>
 &lt;/plentry&gt;
&lt;/parml&gt;</codeblock></example>
  </refbody>
</reference>

