<?xml version='1.0' encoding='utf-8'?>
<!-- (C) Copyright IBM Corporation 2001, 2005. All Rights Reserved.


 *-->
<?xml-stylesheet href="../../xsl/dita2html_shell.xsl" type="text/xsl"?>
<!DOCTYPE reference PUBLIC "-//IBM//DTD DITA Reference//EN" "../../dtd/reference.dtd" []>
<reference id="prognum" xml:lang="en-us">
   <title>
      <keyword>prognum</keyword>
   </title>
   <shortdesc>The &lt;<keyword>prognum</keyword>&gt; metadata element
identifies the program number of the associated program product.  This is
typically an order number or a product tracking code that could be replaced
by an order number when a product completes development.</shortdesc>
   <prolog>
      <metadata>
         <keywords>
            <indexterm>prognum</indexterm>
            <indexterm>Prolog
elements<indexterm>prognum</indexterm>
            </indexterm>
            <indexterm>prognum</indexterm>
         </keywords>
      </metadata>
   </prolog>
   <refbody>
      <refsyn>
         <title>Contained by</title>
         <xref href="prodinfo.xml">prodinfo</xref>
      </refsyn>
      <refsyn>
         <title>Contains</title> text data </refsyn>
      <section>
         <title>Attributes</title>
         <simpletable relcolwidth="2* 3* 1* 1* 1*" id="prognum_attr">
            <sthead>
               <stentry>Name</stentry>
               <stentry>Description</stentry>
               <stentry>Data Type</stentry>
               <stentry>Default Value</stentry>
               <stentry>Required?</stentry>
            </sthead>
            <strow conref="commonLRdefs.xml#commonLRdefs/global-atts">
               <stentry/>
               <stentry/>
               <stentry/>
               <stentry/>
               <stentry/>
            </strow>
            <strow conref="commonLRdefs.xml#commonLRdefs/class">
               <stentry/>
               <stentry/>
               <stentry/>
               <stentry/>
               <stentry/>
            </strow>
         </simpletable>
      </section>
      <example>
         <pre>&lt;prodinfo&gt;
 &lt;prodname&gt;BatCom&lt;/prodname&gt;
 &lt;vrmlist&gt;&lt;vrm version="v5r2"/&gt;&lt;/vrmlist&gt;
 <b>&lt;prognum&gt;</b>5412-SS1<b>&lt;/prognum&gt;</b>
 &lt;featnum&gt;135&lt;/featnum&gt;
 &lt;component&gt;TCP/IP&lt;/component&gt;
&lt;/prodinfo&gt; 
</pre>
      </example>
   </refbody>
</reference>