<?xml version='1.0' encoding='utf-8'?>
<!-- (C) Copyright IBM Corporation 2001, 2005. All Rights Reserved.


 *-->
<?xml-stylesheet href="../../xsl/dita2html_shell.xsl" type="text/xsl"?>
<!DOCTYPE reference PUBLIC "-//IBM//DTD DITA Reference//EN" "../../dtd/reference.dtd" []>
<reference id="prolog" xml:lang="en-us">
   <title>
      <keyword>prolog</keyword>
   </title>
   <shortdesc>The &lt;<keyword>prolog</keyword>&gt; element contains information about the topic
as an whole (for example, author information or subject category) that is
either entered by the author or machine-maintained. Much of the metadata inside
the &lt;<keyword>prolog</keyword>&gt; will not be displayed with the topic on output, but
may be used by processes that generate search indexes or customize navigation.</shortdesc>
   <prolog>
      <metadata>
         <keywords>
            <indexterm>prolog</indexterm>
            <indexterm>Prolog
elements<indexterm>prolog</indexterm>
            </indexterm>
            <indexterm>prolog</indexterm>
         </keywords>
      </metadata>
   </prolog>
   <refbody>
      <refsyn>
         <title>Contained by</title>
         <xref href="topic.xml">topic</xref> ,  <xref href="concept.xml">concept</xref> ,  <xref href="task.xml">task</xref> ,
 <xref href="reference.xml">reference</xref>
      </refsyn>
      <refsyn>
         <title>Contains</title> ( <xref href="author.xml">author</xref> ) (0 or more)
then ( <xref href="source.xml">source</xref> ) (optional) then
( <xref href="publisher.xml">publisher</xref> ) (optional) then
( <xref href="copyright.xml">copyright</xref> ) (0 or more)
then ( <xref href="critdates.xml">critdates</xref> ) (optional)
then ( <xref href="permissions.xml">permissions</xref> ) (optional)
then ( <xref href="metadata.xml">metadata</xref> ) (optional)
then ( <xref href="resourceid.xml">resourceid</xref> ) (0 or
more) </refsyn>
      <section>
         <title>Attributes</title>
         <simpletable relcolwidth="2* 3* 1* 1* 1*" id="prolog_attr">
            <sthead>
               <stentry>Name</stentry>
               <stentry>Description</stentry>
               <stentry>Data Type</stentry>
               <stentry>Default Value</stentry>
               <stentry>Required?</stentry>
            </sthead>
            <strow conref="commonLRdefs.xml#commonLRdefs/global-atts">
               <stentry/>
               <stentry/>
               <stentry/>
               <stentry/>
               <stentry/>
            </strow>
            <strow conref="commonLRdefs.xml#commonLRdefs/class">
               <stentry/>
               <stentry/>
               <stentry/>
               <stentry/>
               <stentry/>
            </strow>
         </simpletable>
      </section>
      <example>
         <codeblock>&lt;prolog&gt;
  &lt;metadata&gt;
    &lt;audience type="user" job="using" experiencelevel="novice"/&gt;
  &lt;/metadata&gt;
&lt;/prolog&gt;</codeblock>
      </example>
   </refbody>
</reference>