<?xml version='1.0' encoding='utf-8'?>
<!-- (C) Copyright IBM Corporation 2001, 2005. All Rights Reserved.


 *-->
<?xml-stylesheet href="../../xsl/dita2html_shell.xsl" type="text/xsl"?>
<!DOCTYPE reference PUBLIC "-//IBM//DTD DITA Reference//EN" "../../dtd/reference.dtd" []>
<reference id="prolog2" xml:lang="en-us">
   <title>Prolog elements</title>
   <refbody>
      <section>
         <p>The prolog elements represent the &lt;<apiname>metadata</apiname>&gt; associated with
a document.<indexterm>Prolog elements</indexterm>
         
         </p>
         <p>The primary types of information that you can store in the prolog include:</p>
         <ul>

            
            <li>author</li>

            
            <li>copyright information</li>

            
            <li>critical tracking dates</li>

            
            <li>permissions for use/management of the content</li>

            
            <li>extensive metadata about the content of the document</li>

            
            <li>a resourceid that allows a topic to be associated with external resources
such as linking to programming components as contextual help</li>

         
         </ul>
      </section>
   </refbody>
</reference>