<?xml version='1.0' encoding='utf-8'?>
<!-- (C) Copyright IBM Corporation 2001, 2005. All Rights Reserved.


 *-->
<?xml-stylesheet href="../../xsl/dita2html_shell.xsl" type="text/xsl"?>
<!DOCTYPE reference PUBLIC "-//IBM//DTD DITA Reference//EN" "../../dtd/reference.dtd" []>
<reference id="property" xml:lang="en-us">
   <title>
      <keyword>property</keyword>
   </title>
   <shortdesc>The &lt;<keyword>property</keyword>&gt; element represents a property
of the current topic's subject. For example, if the current topic is a class,
the property might show that the class is protected rather than public.
It contains three optional elements: type, value, and description.</shortdesc>
   <prolog>
      <metadata>
         <keywords>
            <indexterm>property</indexterm>
            <indexterm>Reference
elements<indexterm>property</indexterm>
            </indexterm>
            <indexterm>property</indexterm>
         </keywords>
      </metadata>
   </prolog>
   <refbody>
      <refsyn>
         <title>Contained by</title>
         <xref href="properties.xml">properties</xref>
      </refsyn>
      <refsyn>
         <title>Contains</title> ( <xref href="proptype.xml">proptype</xref> ) (optional)
then ( <xref href="propvalue.xml">propvalue</xref> ) (optional)
then ( <xref href="propdesc.xml">propdesc</xref> ) (optional) </refsyn>
      <section>
         <title>Attributes</title>
         <simpletable relcolwidth="2* 3* 1* 1* 1*" id="property_attr">
            <sthead>
               <stentry>Name</stentry>
               <stentry>Description</stentry>
               <stentry>Data Type</stentry>
               <stentry>Default Value</stentry>
               <stentry>Required?</stentry>
            </sthead>
            <strow conref="commonLRdefs.xml#commonLRdefs/univ-atts">
               <stentry/>
               <stentry/>
               <stentry/>
               <stentry/>
               <stentry/>
            </strow>
            <strow conref="commonLRdefs.xml#commonLRdefs/outputclass">
               <stentry/>
               <stentry/>
               <stentry/>
               <stentry/>
               <stentry/>
            </strow>
            <strow conref="commonLRdefs.xml#commonLRdefs/global-atts">
               <stentry/>
               <stentry/>
               <stentry/>
               <stentry/>
               <stentry/>
            </strow>
            <strow conref="commonLRdefs.xml#commonLRdefs/class">
               <stentry/>
               <stentry/>
               <stentry/>
               <stentry/>
               <stentry/>
            </strow>
         </simpletable>
      </section>
      <example>
         <pre>&lt;properties&gt;
   <b>&lt;property&gt;</b>
     &lt;proptype&gt;type&lt;/proptype&gt;
     &lt;propvalue&gt;value&lt;/propvalue&gt;
    &lt;propdesc&gt;description&lt;/propdesc&gt;
  <b>&lt;/property&gt;</b>
&lt;/properties&gt;</pre>
      </example>
   </refbody>
</reference>