<?xml version='1.0' encoding='utf-8'?>
<!-- (C) Copyright IBM Corporation 2001, 2005. All Rights Reserved.


 *-->
<?xml-stylesheet href="../../xsl/dita2html_shell.xsl" type="text/xsl"?>
<!DOCTYPE reference PUBLIC "-//IBM//DTD DITA Reference//EN" "../../dtd/reference.dtd" []>
<reference id="pt" xml:lang="en-us">
  <title>
    <keyword>pt</keyword>
  </title>
  <shortdesc>A parameter term, within a parameter list entry, is enclosed by the &lt;<keyword>pt</keyword>&gt; element. This element is part of the DITA programming domain, a special set of DITA elements designed to document programming tasks, concepts and reference information.</shortdesc>
  <prolog>
    <metadata>
      <keywords>
        <indexterm>pt (parameter term)</indexterm>
        <indexterm>parameter term (pt)</indexterm>
        <indexterm>Domain elements<indexterm>pt</indexterm></indexterm>
        <indexterm>pt</indexterm>
      </keywords>
    </metadata>
  </prolog>
  <refbody>
    <refsyn>
      <title>Contained by</title>
      <xref href="plentry.xml">plentry</xref>
    </refsyn>
    <refsyn><title>Contains</title> text data or <xref href="ph.xml">ph</xref> or <xref href="term.xml">term</xref> or <xref href="xref.xml">xref</xref> or <xref href="cite.xml">cite</xref> or <xref href="q.xml">q</xref> or <xref href="boolean.xml">boolean</xref> or <xref href="state.xml">state</xref> or <xref href="keyword.xml">keyword</xref> or <xref href="tm.xml">tm</xref> or <xref href="image.xml">image</xref></refsyn>
    <section>
      <title>Attributes</title>
      <simpletable relcolwidth="2* 3* 1* 1* 1*" id="pt_attr">
        <sthead>
          <stentry>Name</stentry>
          <stentry>Description</stentry>
          <stentry>Data Type</stentry>
          <stentry>Default Value</stentry>
          <stentry>Required?</stentry>
        </sthead>
        <strow conref="commonLRdefs.xml#commonLRdefs/keyref">
          <stentry/>
          <stentry/>
          <stentry/>
          <stentry/>
          <stentry/>
        </strow>
        <strow conref="commonLRdefs.xml#commonLRdefs/univ-atts">
          <stentry/>
          <stentry/>
          <stentry/>
          <stentry/>
          <stentry/>
        </strow>
        <strow conref="commonLRdefs.xml#commonLRdefs/outputclass">
          <stentry/>
          <stentry/>
          <stentry/>
          <stentry/>
          <stentry/>
        </strow>
        <strow conref="commonLRdefs.xml#commonLRdefs/global-atts">
          <stentry/>
          <stentry/>
          <stentry/>
          <stentry/>
          <stentry/>
        </strow>
        <strow conref="commonLRdefs.xml#commonLRdefs/class">
          <stentry/>
          <stentry/>
          <stentry/>
          <stentry/>
          <stentry/>
        </strow>
      </simpletable>
    </section>
    <example><title>Markup Example</title>This code example is a basic method signature:<codeblock>returnType methodName(pList1, pList2) {</codeblock>where<parml>
        <plentry>
          <pt>pList1</pt>
          <pd>is the first variable declaration passed to methodName</pd>
        </plentry>
        <plentry>
          <pt>pList2</pt>
          <pd>is the second variable declaration passed to methodName</pd>
        </plentry>
      </parml><codeblock spectitle="Markup Equivalent">This code example is a basic method signature:
&lt;codeblock&gt;returnType methodName(pList1, pList2) {&lt;/codeblock&gt;
where
&lt;parml&gt;
 &lt;plentry&gt;
  <b>&lt;pt&gt;pList1&lt;/pt&gt;</b>
  &lt;pd&gt;is the first variable declaration passed to methodName&lt;/pd&gt;
 &lt;/plentry&gt;
 &lt;plentry&gt;
  <b>&lt;pt&gt;pList2&lt;/pt&gt;</b>
  &lt;pd&gt;is the second variable declaration passed to methodName&lt;/pd&gt;
 &lt;/plentry&gt;
&lt;/parml&gt;</codeblock></example>
  </refbody>
</reference>

