<?xml version='1.0' encoding='utf-8'?>
<!-- (C) Copyright IBM Corporation 2001, 2005. All Rights Reserved.


 *-->
<?xml-stylesheet href="../../xsl/dita2html_shell.xsl" type="text/xsl"?>
<!DOCTYPE reference PUBLIC "-//IBM//DTD DITA Reference//EN" "../../dtd/reference.dtd" []>
<reference id="reference2" xml:lang="en-us">
   <title>Reference elements</title>
   <refbody>
      <section>
         <p>Use the reference elements to describe regular features of sets of things,
most commonly the commands in a programming language. However, this format
is also suitable for recipes, bibliographies, catalogues, and similar collections
of structured descriptive prose.<indexterm>Reference elements</indexterm>
         
         </p>
      </section>
   </refbody>
</reference>