<?xml version='1.0' encoding='utf-8'?>
<!-- (C) Copyright IBM Corporation 2001, 2005. All Rights Reserved.


 *-->
<?xml-stylesheet href="../../xsl/dita2html_shell.xsl" type="text/xsl"?>
<!DOCTYPE reference PUBLIC "-//IBM//DTD DITA Reference//EN" "../../dtd/reference.dtd" []>
<reference id="refsyn" xml:lang="en-us">
   <title>
      <keyword>refsyn</keyword>
   </title>
   <shortdesc>The &lt;<keyword>refsyn</keyword>&gt; element is a special section inside
a reference topic. The section often contains syntax or signature content
(for example, a command-line utility's calling syntax, or an API's signature).
The &lt;<keyword>refsyn</keyword>&gt; contains a brief, possibly diagrammatic
description of the subject's interface or high-level structure.</shortdesc>
   <prolog>
      <metadata>
         <keywords>
            <indexterm>refsyn</indexterm>
            <indexterm>Reference
elements<indexterm>refsyn</indexterm>
            </indexterm>
            <indexterm>refsyn</indexterm>
         </keywords>
      </metadata>
   </prolog>
   <refbody>
      <refsyn>
         <title>Contained by</title>
         <xref href="refbody.xml">refbody</xref>
      </refsyn>
      <refsyn>
         <title>Contains</title> text data or <xref href="ph.xml">ph</xref> or <xref href="term.xml">term</xref> or <xref href="xref.xml">xref</xref> or <xref href="cite.xml">cite</xref> or <xref href="q.xml">q</xref> or <xref href="boolean.xml">boolean</xref> or <xref href="state.xml">state</xref> or <xref href="keyword.xml">keyword</xref> or <xref href="tm.xml">tm</xref> or <xref href="p.xml">p</xref> or <xref href="lq.xml">lq</xref> or <xref href="note.xml">note</xref> or <xref href="dl.xml">dl</xref> or <xref href="ul.xml">ul</xref> or <xref href="ol.xml">ol</xref> or <xref href="sl.xml">sl</xref> or <xref href="pre.xml">pre</xref> or <xref href="lines.xml">lines</xref> or <xref href="fig.xml">fig</xref> or <xref href="image.xml">image</xref> or <xref href="object.xml">object</xref> or <xref href="table.xml">table</xref> or <xref href="simpletable.xml">simpletable</xref> or <xref href="title.xml">title</xref> or <xref href="draft-comment.xml">draft-comment</xref> or <xref href="required-cleanup.xml">required-cleanup</xref> or <xref href="fn.xml">fn</xref> or <xref href="indextermref.xml">indextermref</xref> or <xref href="indexterm.xml">indexterm</xref>
      </refsyn>
      <section>
         <title>Attributes</title>
         <simpletable relcolwidth="2* 3* 1* 1* 1*" id="refsyn_attr">
            <sthead>
               <stentry>Name</stentry>
               <stentry>Description</stentry>
               <stentry>Data Type</stentry>
               <stentry>Default Value</stentry>
               <stentry>Required?</stentry>
            </sthead>
            <strow conref="commonLRdefs.xml#commonLRdefs/spectitle">
               <stentry/>
               <stentry/>
               <stentry/>
               <stentry/>
               <stentry/>
            </strow>
            <strow conref="commonLRdefs.xml#commonLRdefs/univ-atts">
               <stentry/>
               <stentry/>
               <stentry/>
               <stentry/>
               <stentry/>
            </strow>
            <strow conref="commonLRdefs.xml#commonLRdefs/outputclass">
               <stentry/>
               <stentry/>
               <stentry/>
               <stentry/>
               <stentry/>
            </strow>
            <strow conref="commonLRdefs.xml#commonLRdefs/global-atts">
               <stentry/>
               <stentry/>
               <stentry/>
               <stentry/>
               <stentry/>
            </strow>
            <strow conref="commonLRdefs.xml#commonLRdefs/class">
               <stentry/>
               <stentry/>
               <stentry/>
               <stentry/>
               <stentry/>
            </strow>
         </simpletable>
      </section>
      <example>
         <codeblock>&lt;?xml version="1.0"?&gt;
&lt;!DOCTYPE reference SYSTEM "../../build/dita/dtd/reference.dtd"&gt;
&lt;reference id="refexample"&gt;
 &lt;title&gt;A reference topic&lt;/title&gt;
 &lt;refbody&gt;
  <b>&lt;refsyn&gt;</b>&lt;syntaxdiagram&gt;
&lt;title&gt;Adding&lt;/title&gt;
&lt;groupseq&gt;&lt;kwd&gt;1&lt;/kwd&gt;&lt;oper&gt;+&lt;/oper&gt;&lt;var&gt;two&lt;/var&gt;&lt;delim&gt;=&lt;/delim&gt;
&lt;kwd&gt;something&lt;/kwd&gt;&lt;/groupseq&gt;&lt;/syntaxdiagram&gt;<b>&lt;/refsyn&gt;</b>
  &lt;section&gt;
   &lt;title&gt;Some section title&lt;/title&gt;
  &lt;/section&gt;
  &lt;properties&gt;
   &lt;property&gt;
    &lt;proptype&gt;type&lt;/proptype&gt;
    &lt;propvalue&gt;value&lt;/propvalue&gt;
    &lt;propdesc&gt;description&lt;/propdesc&gt;
   &lt;/property&gt;
  &lt;/properties&gt;
 &lt;/refbody&gt;
&lt;/reference&gt;</codeblock>
      </example>
   </refbody>
</reference>