<?xml version='1.0' encoding='utf-8'?>
<!-- (C) Copyright IBM Corporation 2001, 2005. All Rights Reserved.


 *-->
<?xml-stylesheet href="../../xsl/dita2html_shell.xsl" type="text/xsl"?>
<!DOCTYPE reference PUBLIC "-//IBM//DTD DITA Reference//EN" "../../dtd/reference.dtd" []>
<reference id="rel-atts" xml:lang="en-us">
   <title>
      <keyword>%rel-atts;</keyword>
   </title>
   <shortdesc>Relational attributes (&lt;<keyword>%rel-atts;</keyword>&gt;) is a parameter entity
declaration in the topic DTD that includes attributes whose values may be
used for representing navigational relationships. These attributes occur only
on elements that represent relationships between topics.</shortdesc>
   <prolog>
      <metadata>
         <keywords>
            <indexterm>%rel-atts</indexterm>
            <indexterm>Commonly
Referenced Objects elements<indexterm>%rel-atts</indexterm>
            </indexterm>
            <indexterm>%rel-atts</indexterm>
         </keywords>
      </metadata>
   </prolog>
   <refbody>
      <refsyn>
         <title>Contained by</title>[unknown for this context]</refsyn>
      <refsyn>
         <title>Contains</title>Declarations for attributes</refsyn>
      <section>
         <title>Attributes</title>
         <simpletable relcolwidth="2* 3* 1* 1* 1*" id="rel-atts_attr">
            <sthead>
               <stentry>Name</stentry>
               <stentry>Description</stentry>
               <stentry>Data Type</stentry>
               <stentry>Default Value</stentry>
               <stentry>Required?</stentry>
            </sthead>
            <strow conref="commonLRdefs.xml#commonLRdefs/type">
               <stentry/>
               <stentry/>
               <stentry/>
               <stentry/>
               <stentry/>
            </strow>
            <strow conref="commonLRdefs.xml#commonLRdefs/role">
               <stentry/>
               <stentry/>
               <stentry/>
               <stentry/>
               <stentry/>
            </strow>
            <strow conref="commonLRdefs.xml#commonLRdefs/otherrole">
               <stentry/>
               <stentry/>
               <stentry/>
               <stentry/>
               <stentry/>
            </strow>
         </simpletable>
      </section>
      <example>
         <p>The %rel-atts; parameter entity is used within the DITA dtds
as a common definition for attributes available to elements that represent
topic-to-topic relationships. Not all of these capabilities have been provided
yet for DITA topic processing. Some typical examples include:</p>
         <pre>&lt;link type="task" role="child" href="how2uninst.xml" scope="local"/&gt;</pre>
      </example>
   </refbody>
</reference>