<?xml version='1.0' encoding='utf-8'?>
<!-- (C) Copyright IBM Corporation 2001, 2005. All Rights Reserved.


 *-->
<?xml-stylesheet href="../../xsl/dita2html_shell.xsl" type="text/xsl"?>
<!DOCTYPE reference PUBLIC "-//IBM//DTD DITA Reference//EN" "../../dtd/reference.dtd" []>
<reference id="relheader" xml:lang="en-us">
   <title>
      <keyword>relheader</keyword>
   </title>
   <shortdesc>The &lt;<keyword>relheader</keyword>&gt; element is a row of column
definitions (&lt;<keyword>relcolspec</keyword>&gt; elements) in a relationship
table. Each table can have only one set of column definitions.</shortdesc>
   <prolog>
      <metadata>
         <keywords>
            <indexterm>relheader</indexterm>
            <indexterm>Map
elements<indexterm>relheader</indexterm>
            </indexterm>
            <indexterm>relheader</indexterm>
         </keywords>
      </metadata>
   </prolog>
   <refbody>
      <refsyn>
         <title>Contained by</title>
         <xref href="reltable.xml">reltable</xref>
      </refsyn>
      <refsyn>
         <title>Contains</title>
         <xref href="relcolspec.xml">relcolspec</xref>
      </refsyn>
      <section>
         <title>Attributes</title>
         <simpletable relcolwidth="2* 3* 1* 1* 1*" id="relheader_attr">
            <sthead>
               <stentry>Name</stentry>
               <stentry>Description</stentry>
               <stentry>Data Type</stentry>
               <stentry>Default Value</stentry>
               <stentry>Required?</stentry>
            </sthead>
            <strow conref="commonLRdefs.xml#commonLRdefs/global-atts">
               <stentry/>
               <stentry/>
               <stentry/>
               <stentry/>
               <stentry/>
            </strow>
            <strow conref="commonLRdefs.xml#commonLRdefs/class">
               <stentry/>
               <stentry/>
               <stentry/>
               <stentry/>
               <stentry/>
            </strow>
         </simpletable>
      </section>
      <example>In this example, a relationship table is defined with three columns;
one for "concept", one for "task", and one for "reference". Three cells are
defined within one row. The first cell contains one concept topic: batsonar.xml.
The second cell contains two task topics: batcaring.xml and batfeeding.xml.
The third cell contains two reference topics: batguano.xml and bathistory.xml. <codeblock>&lt;map&gt;
 &lt;reltable&gt;
  &lt;relheader&gt;
   &lt;relcolspec type="concept"&gt;
   &lt;relcolspec type="task"&gt;
   &lt;relcolspec type="reference"&gt;
  &lt;/relheader&gt;
  &lt;relrow&gt;
   &lt;relcell&gt;&lt;topicref href="batsonar.xml"/&gt;&lt;/relcell&gt;
   &lt;relcell&gt;&lt;topicref href="batcaring.xml"/&gt;&lt;topicref
   href="batfeeding.xml"/&gt;&lt;/relcell&gt;
   &lt;relcell&gt;&lt;topicref href="batguano.xml"/&gt;&lt;topicref
   href="bathistory.xml"/&gt;&lt;/relcell&gt;
  &lt;/relrow&gt;
 &lt;/reltable&gt;
&lt;/map&gt;</codeblock>
      </example>
   </refbody>
</reference>