<?xml version='1.0' encoding='utf-8'?>
<!-- (C) Copyright IBM Corporation 2001, 2005. All Rights Reserved.


 *-->
<?xml-stylesheet href="../../xsl/dita2html_shell.xsl" type="text/xsl"?>
<!DOCTYPE reference PUBLIC "-//IBM//DTD DITA Reference//EN" "../../dtd/reference.dtd" []>
<reference id="reltable" xml:lang="en-us">
   <title>
      <keyword>reltable</keyword>
   </title>
   <shortdesc>The relationship table (&lt;<keyword>reltable</keyword>&gt;) defines
relationships between topics, based on the familiar table model of rows (&lt;<keyword>relrow</keyword>&gt;),
columns (&lt;<keyword>relheader</keyword>&gt;), and cells (&lt;<keyword>relcell</keyword>&gt;).
The &lt;<keyword>relcell</keyword>&gt; elements can contain &lt;<keyword>topicref</keyword>&gt;
elements, which are then related to other &lt;<keyword>topicref</keyword>&gt;
elements in the same row (although not necessarily in the same cell). By default,
the contents of a &lt;<keyword>reltable</keyword>&gt; element are not output
for navigation or TOC purposes, and are used only to define relationships
that can be expressed as topic-to-topic links.</shortdesc>
   <prolog>
      <metadata>
         <keywords>
            <indexterm>reltable</indexterm>
            <indexterm>Map
elements<indexterm>reltable</indexterm>
            </indexterm>
            <indexterm>reltable</indexterm>
         </keywords>
      </metadata>
   </prolog>
   <refbody>
      <refsyn>
         <title>Contained by</title>
         <xref href="map.xml">map</xref>
      </refsyn>
      <refsyn>
         <title>Contains</title> ( <xref href="topicmeta.xml">topicmeta</xref> ) (optional)
then ( <xref href="relheader.xml">relheader</xref> ) (optional)
then ( <xref href="relrow.xml">relrow</xref> ) (one or more) </refsyn>
      <section>
         <title>Attributes</title>
         <simpletable relcolwidth="2* 3* 1* 1* 1*" id="reltable_attr">
            <sthead>
               <stentry>Name</stentry>
               <stentry>Description</stentry>
               <stentry>Data Type</stentry>
               <stentry>Default Value</stentry>
               <stentry>Required?</stentry>
            </sthead>
            <strow conref="commonLRdefs.xml#commonLRdefs/title">
               <stentry/>
               <stentry/>
               <stentry/>
               <stentry/>
               <stentry/>
            </strow>
            <strow conref="commonLRdefs.xml#commonLRdefs/topicref-atts-no-toc">
               <stentry/>
               <stentry/>
               <stentry/>
               <stentry/>
               <stentry/>
            </strow>
            <strow conref="commonLRdefs.xml#commonLRdefs/select-atts">
               <stentry/>
               <stentry/>
               <stentry/>
               <stentry/>
               <stentry/>
            </strow>
            <strow conref="commonLRdefs.xml#commonLRdefs/global-atts">
               <stentry/>
               <stentry/>
               <stentry/>
               <stentry/>
               <stentry/>
            </strow>
            <strow conref="commonLRdefs.xml#commonLRdefs/class">
               <stentry/>
               <stentry/>
               <stentry/>
               <stentry/>
               <stentry/>
            </strow>
         </simpletable>
      </section>
      <example>In this example, a relationship table is defined with three columns;
one for "concept", one for "task", and one for "reference". Three cells are
defined within one row. The first cell contains one concept topic: batsonar.xml.
The second cell contains two task topics: batcaring.xml and batfeeding.xml.
The third cell contains two reference topics: batguano.xml and bathistory.xml. <codeblock>&lt;map&gt;
 &lt;reltable&gt;
  &lt;relheader&gt;
   &lt;relcolspec type="concept"&gt;
   &lt;relcolspec type="task"&gt;
   &lt;relcolspec type="reference"&gt;
  &lt;/relheader&gt;
  &lt;relrow&gt;
   &lt;relcell&gt;&lt;topicref href="batsonar.xml"/&gt;&lt;/relcell&gt;
   &lt;relcell&gt;&lt;topicref href="batcaring.xml"/&gt;&lt;topicref
   href="batfeeding.xml"/&gt;&lt;/relcell&gt;
   &lt;relcell&gt;&lt;topicref href="batguano.xml"/&gt;&lt;topicref
   href="bathistory.xml"/&gt;&lt;/relcell&gt;
  &lt;/relrow&gt;
 &lt;/reltable&gt;
&lt;/map&gt;</codeblock>
      </example>
   </refbody>
</reference>