<?xml version='1.0' encoding='utf-8'?>
<!-- (C) Copyright IBM Corporation 2001, 2005. All Rights Reserved.


 *-->
<?xml-stylesheet href="../../xsl/dita2html_shell.xsl" type="text/xsl"?>
<!DOCTYPE reference PUBLIC "-//IBM//DTD DITA Reference//EN" "../../dtd/reference.dtd" []>
<reference id="screen" xml:lang="en-us">
   <title>
      <keyword>screen</keyword>
   </title>
   <shortdesc>The &lt;<keyword>screen</keyword>&gt; element contains or refers to a textual representation
of a computer screen or user interface panel (window). </shortdesc>
   <prolog>
      <metadata>
         <keywords>
            <indexterm>screen</indexterm>
            <indexterm>Domain
elements<indexterm>screen</indexterm>
            </indexterm>
            <indexterm>screen</indexterm>
         </keywords>
      </metadata>
   </prolog>
   <refbody>
      <section>
         <p>Use &lt;<keyword>screen</keyword>&gt; to
contain representations of text-based online panels, text consoles ("term"
or "curses" windows, for example), or other text-based user interface components.
The default print representation is to enclose the screen within a box, suggesting
a computer display screen. In contrast to graphical screen captures normally
used to represent GUI parts (see the <xref href="image.xml">image</xref> element
description), this element specifically supports constructions for which text
is the primary content.</p>
         <p>This element is part of the DITA programming
domain, a special set of DITA elements designed to document programming tasks,
concepts and reference information.</p>
      </section>
      <refsyn>
         <title>Contained by</title>The same contexts as <xref href="pre.xml">pre</xref>
      </refsyn>
      <refsyn>
         <title>Contains</title> text data or <xref href="ph.xml">ph</xref> or <xref href="term.xml">term</xref> or <xref href="xref.xml">xref</xref> or <xref href="cite.xml">cite</xref> or <xref href="q.xml">q</xref> or <xref href="boolean.xml">boolean</xref> or <xref href="state.xml">state</xref> or <xref href="keyword.xml">keyword</xref> or <xref href="draft-comment.xml">draft-comment</xref> or <xref href="required-cleanup.xml">required-cleanup</xref> or <xref href="fn.xml">fn</xref> or <xref href="indextermref.xml">indextermref</xref> or <xref href="indexterm.xml">indexterm</xref>
      </refsyn>
      <section>
         <title>Attributes</title>
         <simpletable relcolwidth="2* 3* 1* 1* 1*" id="screen_attr">
            <sthead>
               <stentry>Name</stentry>
               <stentry>Description</stentry>
               <stentry>Data Type</stentry>
               <stentry>Default Value</stentry>
               <stentry>Required?</stentry>
            </sthead>
            <strow conref="commonLRdefs.xml#commonLRdefs/display-atts">
               <stentry/>
               <stentry/>
               <stentry/>
               <stentry/>
               <stentry/>
            </strow>
            <strow conref="commonLRdefs.xml#commonLRdefs/univ-atts">
               <stentry/>
               <stentry/>
               <stentry/>
               <stentry/>
               <stentry/>
            </strow>
            <strow conref="commonLRdefs.xml#commonLRdefs/spectitle">
               <stentry/>
               <stentry/>
               <stentry/>
               <stentry/>
               <stentry/>
            </strow>
            <strow conref="commonLRdefs.xml#commonLRdefs/outputclass">
               <stentry/>
               <stentry/>
               <stentry/>
               <stentry/>
               <stentry/>
            </strow>
            <strow conref="commonLRdefs.xml#commonLRdefs/xmlspace">
               <stentry/>
               <stentry/>
               <stentry/>
               <stentry/>
               <stentry/>
            </strow>
            <strow conref="commonLRdefs.xml#commonLRdefs/global-atts">
               <stentry/>
               <stentry/>
               <stentry/>
               <stentry/>
               <stentry/>
            </strow>
            <strow conref="commonLRdefs.xml#commonLRdefs/class">
               <stentry/>
               <stentry/>
               <stentry/>
               <stentry/>
               <stentry/>
            </strow>
         </simpletable>
      </section>
      <example>This example demonstrates using the &lt;<keyword>screen</keyword>&gt; element
to represent a DOS edit session, where this code:<pre>&lt;p&gt;Type "edit" after the command line prompt and press Enter.  The following
editing interface will be displayed.&lt;/p&gt;
&lt;screen&gt;
   File  Edit  Search  View  Options  Help
+--------------------------------- UNTITLED1 ----------------------------------+
¦                                                                              ¦
¦                                                                              ¦



¦                                                                              ¦
¦                                                                              ¦
 F1=Help                                             ¦  Line:1    Col:1
&lt;/screen&gt;</pre>produces this output:<p>Type "edit" after the command line
prompt and press Enter.  The following editing interface will be displayed.</p>
         <pre>   File  Edit  Search  View  Options  Help
+--------------------------------- UNTITLED1 ----------------------------------+
¦                                                                              ¦
¦                                                                              ¦



¦                                                                              ¦
¦                                                                              ¦
 F1=Help                                             ¦  Line:1    Col:1</pre>
      </example>
   </refbody>
</reference>