<?xml version='1.0' encoding='utf-8'?>
<!-- (C) Copyright IBM Corporation 2001, 2005. All Rights Reserved.


 *-->
<?xml-stylesheet href="../../xsl/dita2html_shell.xsl" type="text/xsl"?>
<!DOCTYPE reference PUBLIC "-//IBM//DTD DITA Reference//EN" "../../dtd/reference.dtd" []>
<reference id="section" xml:lang="en-us">
   <title>
      <keyword>section</keyword>
   </title>
   <shortdesc>The &lt;<keyword>section</keyword>&gt; element represents an organizational
division in a topic. Sections are used to organize subsets of information
that are directly related to the topic. For example, the titles <b>Reference
Syntax</b>, <b>Example</b> and <b>Properties</b> might represent section-level
discourse within a topic about a command-line process—the content in each
section relates uniquely to the subject of that topic. Multiple sections within
a single topic do not represent a hierarchy, but rather peer divisions of
that topic. Sections cannot be nested. A section may have an optional title.</shortdesc>
   <prolog>
      <metadata>
         <keywords>
            <indexterm>section</indexterm>
            <indexterm>Topic
elements<indexterm>section</indexterm>
            </indexterm>
            <indexterm>section</indexterm>
         </keywords>
      </metadata>
   </prolog>
   <refbody>
      <refsyn>
         <title>Contained by</title>
         <xref href="body.xml">body</xref> ,  <xref href="conbody.xml">conbody</xref> ,  <xref href="refbody.xml">refbody</xref>
      </refsyn>
      <refsyn>
         <title>Contains</title> text data or <xref href="ph.xml">ph</xref> or <xref href="term.xml">term</xref> or <xref href="xref.xml">xref</xref> or <xref href="cite.xml">cite</xref> or <xref href="q.xml">q</xref> or <xref href="boolean.xml">boolean</xref> or <xref href="state.xml">state</xref> or <xref href="keyword.xml">keyword</xref> or <xref href="tm.xml">tm</xref> or <xref href="p.xml">p</xref> or <xref href="lq.xml">lq</xref> or <xref href="note.xml">note</xref> or <xref href="dl.xml">dl</xref> or <xref href="ul.xml">ul</xref> or <xref href="ol.xml">ol</xref> or <xref href="sl.xml">sl</xref> or <xref href="pre.xml">pre</xref> or <xref href="lines.xml">lines</xref> or <xref href="fig.xml">fig</xref> or <xref href="image.xml">image</xref> or <xref href="object.xml">object</xref> or <xref href="table.xml">table</xref> or <xref href="simpletable.xml">simpletable</xref> or <xref href="title.xml">title</xref> or <xref href="draft-comment.xml">draft-comment</xref> or <xref href="required-cleanup.xml">required-cleanup</xref> or <xref href="fn.xml">fn</xref> or <xref href="indextermref.xml">indextermref</xref> or <xref href="indexterm.xml">indexterm</xref>
      </refsyn>
      <section>
         <title>Attributes</title>
         <simpletable relcolwidth="2* 3* 1* 1* 1*" id="section_attr">
            <sthead>
               <stentry>Name</stentry>
               <stentry>Description</stentry>
               <stentry>Data Type</stentry>
               <stentry>Default Value</stentry>
               <stentry>Required?</stentry>
            </sthead>
            <strow conref="commonLRdefs.xml#commonLRdefs/spectitle">
               <stentry/>
               <stentry/>
               <stentry/>
               <stentry/>
               <stentry/>
            </strow>
            <strow conref="commonLRdefs.xml#commonLRdefs/univ-atts">
               <stentry/>
               <stentry/>
               <stentry/>
               <stentry/>
               <stentry/>
            </strow>
            <strow conref="commonLRdefs.xml#commonLRdefs/outputclass">
               <stentry/>
               <stentry/>
               <stentry/>
               <stentry/>
               <stentry/>
            </strow>
            <strow conref="commonLRdefs.xml#commonLRdefs/global-atts">
               <stentry/>
               <stentry/>
               <stentry/>
               <stentry/>
               <stentry/>
            </strow>
            <strow conref="commonLRdefs.xml#commonLRdefs/class">
               <stentry/>
               <stentry/>
               <stentry/>
               <stentry/>
               <stentry/>
            </strow>
         </simpletable>
      </section>
      <example>
         <codeblock>&lt;reference id="reference"&gt;
 &lt;title&gt;Copy Command&lt;/title&gt;
 &lt; refbody&gt;
  &lt;section&gt;
   &lt;title&gt;Purpose&lt;/title&gt;
   This little command copies
   things.
  &lt;/section&gt;
 &lt;/refbody&gt;
&lt;/reference&gt;</codeblock>
      </example>
   </refbody>
</reference>