<?xml version='1.0' encoding='utf-8'?>
<!-- (C) Copyright IBM Corporation 2001, 2005. All Rights Reserved.


 *-->
<?xml-stylesheet href="../../xsl/dita2html_shell.xsl" type="text/xsl"?>
<!DOCTYPE reference PUBLIC "-//IBM//DTD DITA Reference//EN" "../../dtd/reference.dtd" []>
<reference id="sep" xml:lang="en-us">
   <title>
      <keyword>sep</keyword>
   </title>
   <shortdesc>The separator (&lt;sep&gt;) element defines a separator character that
is inline with the content of a syntax definition. The separator occurs between
keywords, operators or groups in a syntax definition. This element is part
of the DITA programming domain, a special set of DITA elements designed to
document programming tasks, concepts and reference information.</shortdesc>
   <prolog>
      <metadata>
         <keywords>
            <indexterm>sep
(syntax separator)</indexterm>
            <indexterm>syntax separator (sep)</indexterm>
            <indexterm>separator,
syntax (sep)</indexterm>
            <indexterm>Domain elements<indexterm>sep</indexterm>
            </indexterm>
            <indexterm>sep</indexterm>
         </keywords>
      </metadata>
   </prolog>
   <refbody>
      <refsyn>
         <title>Contained by</title>
         <xref href="synph.xml">synph</xref> ,  <xref href="groupseq.xml">groupseq</xref> ,  <xref href="groupchoice.xml">groupchoice</xref> ,
 <xref href="groupcomp.xml">groupcomp</xref>
      </refsyn>
      <refsyn>
         <title>Contains</title> text data </refsyn>
      <section>
         <title>Attributes</title>
         <simpletable relcolwidth="2* 3* 1* 1* 1*" id="sep_attr">
            <sthead>
               <stentry>Name</stentry>
               <stentry>Description</stentry>
               <stentry>Data Type</stentry>
               <stentry>Default Value</stentry>
               <stentry>Required?</stentry>
            </sthead>
            <strow conref="commonLRdefs.xml#commonLRdefs/importance-optreq">
               <stentry/>
               <stentry/>
               <stentry/>
               <stentry/>
               <stentry/>
            </strow>
            <strow conref="commonLRdefs.xml#commonLRdefs/univ-atts-no-importance">
               <stentry/>
               <stentry/>
               <stentry/>
               <stentry/>
               <stentry/>
            </strow>
            <strow conref="commonLRdefs.xml#commonLRdefs/outputclass">
               <stentry/>
               <stentry/>
               <stentry/>
               <stentry/>
               <stentry/>
            </strow>
            <strow conref="commonLRdefs.xml#commonLRdefs/global-atts">
               <stentry/>
               <stentry/>
               <stentry/>
               <stentry/>
               <stentry/>
            </strow>
            <strow conref="commonLRdefs.xml#commonLRdefs/class">
               <stentry/>
               <stentry/>
               <stentry/>
               <stentry/>
               <stentry/>
            </strow>
         </simpletable>
      </section>
      <example> <pre>&lt;syntaxdiagram&gt;
 &lt;title&gt;Adding&lt;/title&gt;
 &lt;groupseq&gt;&lt;kwd&gt;1&lt;/kwd&gt;&lt;oper&gt;+&lt;/oper&gt;<b>&lt;sep&gt;</b>(<b>&lt;/sep&gt;</b>&lt;var&gt;two&lt;/var&gt;<b>&lt;sep&gt;</b>)<b>&lt;/sep&gt;</b>
&lt;delim&gt;=&lt;/delim&gt;&lt;kwd&gt;something&lt;/kwd&gt;&lt;/groupseq&gt;
&lt;/syntaxdiagram&gt; 
</pre>
      </example>
   </refbody>
</reference>