<?xml version='1.0' encoding='utf-8'?>
<!-- (C) Copyright IBM Corporation 2001, 2005. All Rights Reserved.


 *-->
<?xml-stylesheet href="../../xsl/dita2html_shell.xsl" type="text/xsl"?>
<!DOCTYPE reference PUBLIC "-//IBM//DTD DITA Reference//EN" "../../dtd/reference.dtd" []>
<reference id="shape">
  <title>shape</title>
  <shortdesc>The shape element supports the basic functionality of the HTML <q>client-side</q> image map markup.</shortdesc>
  <refbody>
    <section><title>Contains</title>Text data representing HTML shape keywords: <keyword>default</keyword>, <keyword>rect</keyword>, <keyword>circle</keyword>, <keyword>poly</keyword></section>
    <section class="- topic/section "><title>Contained by</title>Allowed in the same contexts as figgroup.</section>
    <section class="- topic/section "><title>Attributes</title>Same as for keyword.</section>
    <section class="- topic/section "><title>Examples</title>See imagemap</section>
  </refbody>
</reference>

