<?xml version='1.0' encoding='utf-8'?>
<!-- (C) Copyright IBM Corporation 2001, 2005. All Rights Reserved.


 *-->
<?xml-stylesheet href="../../xsl/dita2html_shell.xsl" type="text/xsl"?>
<!DOCTYPE reference PUBLIC "-//IBM//DTD DITA Reference//EN" "../../dtd/reference.dtd" []>
<reference id="shortcut" xml:lang="en-us">
   <title>
      <keyword>shortcut</keyword>
   </title>
   <shortdesc>The &lt;<keyword>shortcut</keyword>&gt; element identifies
a keyboard shortcut for a menu or window action. This element is part of the
DITA user interface domain, a special set of DITA elements designed to document
user interface tasks, concepts and reference information.</shortdesc>
   <prolog>
      <metadata>
         <keywords>
            <indexterm>shortcut</indexterm>
            <indexterm>Domain
elements<indexterm>shortcut</indexterm>
            </indexterm>
            <indexterm>shortcut</indexterm>
         </keywords>
      </metadata>
   </prolog>
   <refbody>
      <refsyn>
         <title>Contained by</title>
         <xref href="uicontrol.xml">uicontrol</xref>
      </refsyn>
      <refsyn>
         <title>Contains</title> text data </refsyn>
      <section>
         <title>Attributes</title>
         <simpletable relcolwidth="2* 3* 1* 1* 1*" id="shortcut_attr">
            <sthead>
               <stentry>Name</stentry>
               <stentry>Description</stentry>
               <stentry>Data Type</stentry>
               <stentry>Default Value</stentry>
               <stentry>Required?</stentry>
            </sthead>
            <strow conref="commonLRdefs.xml#commonLRdefs/keyref">
               <stentry/>
               <stentry/>
               <stentry/>
               <stentry/>
               <stentry/>
            </strow>
            <strow conref="commonLRdefs.xml#commonLRdefs/univ-atts">
               <stentry/>
               <stentry/>
               <stentry/>
               <stentry/>
               <stentry/>
            </strow>
            <strow conref="commonLRdefs.xml#commonLRdefs/outputclass">
               <stentry/>
               <stentry/>
               <stentry/>
               <stentry/>
               <stentry/>
            </strow>
            <strow conref="commonLRdefs.xml#commonLRdefs/global-atts">
               <stentry/>
               <stentry/>
               <stentry/>
               <stentry/>
               <stentry/>
            </strow>
            <strow conref="commonLRdefs.xml#commonLRdefs/class">
               <stentry/>
               <stentry/>
               <stentry/>
               <stentry/>
               <stentry/>
            </strow>
         </simpletable>
      </section>
      <example>This example:<pre>&lt;menucascade&gt;
 &lt;uicontrol&gt;Start&lt;/uicontrol&gt;
 &lt;uicontrol&gt;<b>&lt;shortcut&gt;</b>P<b>&lt;/shortcut&gt;</b>rograms&lt;/uicontrol&gt;
&lt;/menucascade&gt;</pre>produces the following reusult: <menucascade>
            
            
            <uicontrol>Start</uicontrol>

            
            
            <uicontrol>
               
               
               <shortcut>P</shortcut>rograms</uicontrol>
         
         
         </menucascade>
      </example>
   </refbody>
</reference>