<?xml version='1.0' encoding='utf-8'?>
<!-- (C) Copyright IBM Corporation 2001, 2005. All Rights Reserved.


 *-->
<?xml-stylesheet href="../../xsl/dita2html_shell.xsl" type="text/xsl"?>
<!DOCTYPE reference PUBLIC "-//IBM//DTD DITA Reference//EN" "../../dtd/reference.dtd" []>
<reference id="sli" xml:lang="en-us">
   <title>
      <keyword>sli</keyword>
   </title>
   <shortdesc>A simple list item (&lt;sli&gt;) is a single item in a simple list&lt;sl&gt;.
Simple list items have phrase or text content, adequate for describing package
contents, for example. When a DITA topic is formatted for output, the items
of a simple list are placed each on its own line, with no other prefix such
as a number (as in an ordered list) or bullet (as in an unordered list)..</shortdesc>
   <prolog>
      <metadata>
         <keywords>
            <indexterm>sli
(simple list item)</indexterm>
            <indexterm>simple list item (sli)</indexterm>
            <indexterm>Body
elements<indexterm>sli (simple list item)</indexterm>
            </indexterm>
            <indexterm>sli (simple list item)</indexterm>
         </keywords>
      </metadata>
   </prolog>
   <refbody>
      <refsyn>
         <title>Contained by</title>
         <xref href="sl.xml">sl</xref>
      </refsyn>
      <refsyn>
         <title>Contains</title> text data or <xref href="ph.xml">ph</xref> or <xref href="term.xml">term</xref> or <xref href="xref.xml">xref</xref> or <xref href="cite.xml">cite</xref> or <xref href="q.xml">q</xref> or <xref href="boolean.xml">boolean</xref> or <xref href="state.xml">state</xref> or <xref href="keyword.xml">keyword</xref> or <xref href="tm.xml">tm</xref> or <xref href="image.xml">image</xref> or <xref href="draft-comment.xml">draft-comment</xref> or <xref href="required-cleanup.xml">required-cleanup</xref> or <xref href="fn.xml">fn</xref> or <xref href="indextermref.xml">indextermref</xref> or <xref href="indexterm.xml">indexterm</xref>
      </refsyn>
      <section>
         <title>Attributes</title>
         <simpletable relcolwidth="2* 3* 1* 1* 1*" id="sli_attr">
            <sthead>
               <stentry>Name</stentry>
               <stentry>Description</stentry>
               <stentry>Data Type</stentry>
               <stentry>Default Value</stentry>
               <stentry>Required?</stentry>
            </sthead>
            <strow conref="commonLRdefs.xml#commonLRdefs/univ-atts">
               <stentry/>
               <stentry/>
               <stentry/>
               <stentry/>
               <stentry/>
            </strow>
            <strow conref="commonLRdefs.xml#commonLRdefs/outputclass">
               <stentry/>
               <stentry/>
               <stentry/>
               <stentry/>
               <stentry/>
            </strow>
            <strow conref="commonLRdefs.xml#commonLRdefs/global-atts">
               <stentry/>
               <stentry/>
               <stentry/>
               <stentry/>
               <stentry/>
            </strow>
            <strow conref="commonLRdefs.xml#commonLRdefs/class">
               <stentry/>
               <stentry/>
               <stentry/>
               <stentry/>
               <stentry/>
            </strow>
         </simpletable>
      </section>
      <example>
         <codeblock>&lt;p&gt;Package contents:
 &lt;sl&gt;
  &lt;sli&gt;three french hens&lt;/sli&gt;
  &lt;sli&gt;two turtledoves&lt;/sli&gt;
  &lt;sli&gt;a partridge in a pear tree&lt;/sli&gt;
 &lt;/sl&gt;
&lt;/p&gt;
</codeblock>
      </example>
   </refbody>
</reference>