<?xml version='1.0' encoding='utf-8'?>
<!-- (C) Copyright IBM Corporation 2001, 2005. All Rights Reserved.


 *-->
<?xml-stylesheet href="../../xsl/dita2html_shell.xsl" type="text/xsl"?>
<!DOCTYPE reference PUBLIC "-//IBM//DTD DITA Reference//EN" "../../dtd/reference.dtd" []>
<reference id="softwd" xml:lang="en-us">
   <title>Software elements</title>
   <refbody>
      <section>
         <p>The software domains elements are used to describe the operation of a software
program.<indexterm>Domains elements<indexterm>software elements</indexterm>
            </indexterm>
            
            <indexterm>software
elements</indexterm>
         
         </p>
      </section>
   </refbody>
</reference>