<?xml version='1.0' encoding='utf-8'?>
<!-- (C) Copyright IBM Corporation 2001, 2005. All Rights Reserved.


 *-->
<?xml-stylesheet href="../../xsl/dita2html_shell.xsl" type="text/xsl"?>
<!DOCTYPE reference PUBLIC "-//IBM//DTD DITA Reference//EN" "../../dtd/reference.dtd" []>
<reference id="stepresult" xml:lang="en-us">
   <title>
      <keyword>stepresult</keyword>
   </title>
   <shortdesc>The &lt;<keyword>stepresult</keyword>&gt; element provides information
on the expected outcome of a step. If a user interface is being documented,
the outcome could describe a dialog box opening, or the appearance of a progress
indicator. Step results are useful to assure a user that they are on track,
but should not be used for every step, as this quickly becomes tedious.</shortdesc>
   <prolog>
      <metadata>
         <keywords>
            <indexterm>stepresult</indexterm>
            <indexterm>Task
elements<indexterm>stepresult</indexterm>
            </indexterm>
            <indexterm>stepresult</indexterm>
         </keywords>
      </metadata>
   </prolog>
   <refbody>
      <refsyn>
         <title>Contained by</title>
         <xref href="step.xml">step</xref> ,  <xref href="substep.xml">substep</xref>
      </refsyn>
      <refsyn>
         <title>Contains</title> text data or <xref href="ph.xml">ph</xref> or <xref href="term.xml">term</xref> or <xref href="xref.xml">xref</xref> or <xref href="cite.xml">cite</xref> or <xref href="q.xml">q</xref> or <xref href="boolean.xml">boolean</xref> or <xref href="state.xml">state</xref> or <xref href="keyword.xml">keyword</xref> or <xref href="tm.xml">tm</xref> or <xref href="p.xml">p</xref> or <xref href="lq.xml">lq</xref> or <xref href="note.xml">note</xref> or <xref href="dl.xml">dl</xref> or <xref href="ul.xml">ul</xref> or <xref href="ol.xml">ol</xref> or <xref href="sl.xml">sl</xref> or <xref href="pre.xml">pre</xref> or <xref href="lines.xml">lines</xref> or <xref href="fig.xml">fig</xref> or <xref href="image.xml">image</xref> or <xref href="object.xml">object</xref> or <xref href="table.xml">table</xref> or <xref href="simpletable.xml">simpletable</xref> or <xref href="draft-comment.xml">draft-comment</xref> or <xref href="required-cleanup.xml">required-cleanup</xref> or <xref href="fn.xml">fn</xref> or <xref href="indextermref.xml">indextermref</xref> or <xref href="indexterm.xml">indexterm</xref>
      </refsyn>
      <section>
         <title>Attributes</title>
         <simpletable relcolwidth="2* 3* 1* 1* 1*" id="stepresult_attr">
            <sthead>
               <stentry>Name</stentry>
               <stentry>Description</stentry>
               <stentry>Data Type</stentry>
               <stentry>Default Value</stentry>
               <stentry>Required?</stentry>
            </sthead>
            <strow conref="commonLRdefs.xml#commonLRdefs/univ-atts">
               <stentry/>
               <stentry/>
               <stentry/>
               <stentry/>
               <stentry/>
            </strow>
            <strow conref="commonLRdefs.xml#commonLRdefs/outputclass">
               <stentry/>
               <stentry/>
               <stentry/>
               <stentry/>
               <stentry/>
            </strow>
            <strow conref="commonLRdefs.xml#commonLRdefs/global-atts">
               <stentry/>
               <stentry/>
               <stentry/>
               <stentry/>
               <stentry/>
            </strow>
            <strow conref="commonLRdefs.xml#commonLRdefs/class">
               <stentry/>
               <stentry/>
               <stentry/>
               <stentry/>
               <stentry/>
            </strow>
         </simpletable>
      </section>
      <example>
         <pre>&lt;step&gt;
 &lt;cmd importance="urgent"&gt;Once you have the water place it in the microwave.
Try not to spill any, as water is very wet.&lt;/cmd&gt;
 &lt;substeps&gt;
  &lt;substep importance="required"&gt;
   &lt;cmd&gt;Start the Microwave.&lt;/cmd&gt;
   &lt;stepxmp&gt;As an example, push the &lt;b&gt;Start&lt;/b&gt; button&lt;/stepxmp&gt;
   <b>&lt;stepresult importance="normal"&gt;</b>The Microwave is running<b>&lt;/stepresult&gt;</b>
  &lt;/substep&gt;
  &lt;substep importance="optional"&gt;
   &lt;cmd&gt;In a minute or two the water will boil.&lt;/cmd&gt;
  &lt;/substep&gt;
 &lt;/substeps&gt;
&lt;/step&gt;
</pre>
      </example>
   </refbody>
</reference>