<?xml version='1.0' encoding='utf-8'?>
<!-- (C) Copyright IBM Corporation 2001, 2005. All Rights Reserved.


 *-->
<?xml-stylesheet href="../../xsl/dita2html_shell.xsl" type="text/xsl"?>
<!DOCTYPE reference PUBLIC "-//IBM//DTD DITA Reference//EN" "../../dtd/reference.dtd" []>
<reference id="sub" xml:lang="en-us">
   <title>
      <keyword>sub</keyword>
   </title>
   <shortdesc>A subscript (&lt;<keyword>sub</keyword>&gt;) indicates that text should be subscripted,
or placed lower in relationship to the surrounding text.  Subscripted text
is often a smaller font than the surrounding text. Formatting may vary depending
on your output process. This element is part of the DITA highlighting domain.</shortdesc>
   <prolog>
      <metadata>
         <keywords>
            <indexterm>sub
(subscript)</indexterm>
            <indexterm>subscript (sub)</indexterm>
            <indexterm>Domain
elements<indexterm>sub (subscript)</indexterm>
            </indexterm>
            <indexterm>sub (subscript)</indexterm>
         </keywords>
      </metadata>
   </prolog>
   <refbody>
      <refsyn>
         <title>Contained by</title>Most contexts that allow phrases.</refsyn>
      <refsyn>
         <title>Contains</title> text data or <xref href="ph.xml">ph</xref> or <xref href="term.xml">term</xref> or <xref href="xref.xml">xref</xref> or <xref href="cite.xml">cite</xref> or <xref href="q.xml">q</xref> or <xref href="boolean.xml">boolean</xref> or <xref href="state.xml">state</xref> or <xref href="keyword.xml">keyword</xref> or <xref href="tm.xml">tm</xref>
      </refsyn>
      <section>
         <title>Attributes</title>
         <simpletable relcolwidth="2* 3* 1* 1* 1*" id="sub_attr">
            <sthead>
               <stentry>Name</stentry>
               <stentry>Description</stentry>
               <stentry>Data Type</stentry>
               <stentry>Default Value</stentry>
               <stentry>Required?</stentry>
            </sthead>
            <strow conref="commonLRdefs.xml#commonLRdefs/univ-atts">
               <stentry/>
               <stentry/>
               <stentry/>
               <stentry/>
               <stentry/>
            </strow>
            <strow conref="commonLRdefs.xml#commonLRdefs/global-atts">
               <stentry/>
               <stentry/>
               <stentry/>
               <stentry/>
               <stentry/>
            </strow>
            <strow conref="commonLRdefs.xml#commonLRdefs/class">
               <stentry/>
               <stentry/>
               <stentry/>
               <stentry/>
               <stentry/>
            </strow>
         </simpletable>
      </section>
      <example> <codeblock>The power produced by the electrohydraulic dam was 10&lt;sup&gt;10&lt;/sup&gt; more than 
the older electric plant.  The difference was H<b>&lt;sub&gt;</b>2<b>&lt;/sub&gt;</b>O.</codeblock>
      </example>
   </refbody>
</reference>