<?xml version='1.0' encoding='utf-8'?>
<!-- (C) Copyright IBM Corporation 2001, 2005. All Rights Reserved.


 *-->
<?xml-stylesheet href="../../xsl/dita2html_shell.xsl" type="text/xsl"?>
<!DOCTYPE reference PUBLIC "-//IBM//DTD DITA Reference//EN" "../../dtd/reference.dtd" []>
<reference id="synblk" xml:lang="en-us">
   <title>
      <keyword>synblk</keyword>
   </title>
   <shortdesc>The syntax block (&lt;<keyword>synblk</keyword>&gt;) element
organizes small pieces of a syntax definition into a larger piece. The syntax
block element is part of the DITA programming domain, a special set of DITA
elements designed to document programming tasks, concepts and reference information.</shortdesc>
   <prolog>
      <metadata>
         <keywords>
            <indexterm>synblk</indexterm>
            <indexterm>Domain
elements<indexterm>synblk</indexterm>
            </indexterm>
            <indexterm>synblk</indexterm>
         </keywords>
      </metadata>
   </prolog>
   <refbody>
      <refsyn>
         <title>Contained by</title>
         <xref href="syntaxdiagram.xml">syntaxdiagram</xref>
      </refsyn>
      <refsyn>
         <title>Contains</title> ( <xref href="title.xml">title</xref> ) (optional)
then ( <xref href="groupseq.xml">groupseq</xref> or <xref href="groupchoice.xml">groupchoice</xref> or <xref href="groupcomp.xml">groupcomp</xref> or <xref href="fragref.xml">fragref</xref> or <xref href="fragment.xml">fragment</xref> or <xref href="synnote.xml">synnote</xref> or <xref href="synnoteref.xml">synnoteref</xref> ) (0 or more) </refsyn>
      <section>
         <title>Attributes</title>
         <simpletable relcolwidth="2* 3* 1* 1* 1*" id="synblk_attr">
            <sthead>
               <stentry>Name</stentry>
               <stentry>Description</stentry>
               <stentry>Data Type</stentry>
               <stentry>Default Value</stentry>
               <stentry>Required?</stentry>
            </sthead>
            <strow conref="commonLRdefs.xml#commonLRdefs/univ-atts">
               <stentry/>
               <stentry/>
               <stentry/>
               <stentry/>
               <stentry/>
            </strow>
            <strow conref="commonLRdefs.xml#commonLRdefs/outputclass">
               <stentry/>
               <stentry/>
               <stentry/>
               <stentry/>
               <stentry/>
            </strow>
            <strow conref="commonLRdefs.xml#commonLRdefs/global-atts">
               <stentry/>
               <stentry/>
               <stentry/>
               <stentry/>
               <stentry/>
            </strow>
            <strow conref="commonLRdefs.xml#commonLRdefs/class">
               <stentry/>
               <stentry/>
               <stentry/>
               <stentry/>
               <stentry/>
            </strow>
         </simpletable>
      </section>
      <example>
         <pre>
            
            
            <b>&lt;synblk&gt;</b>
&lt;groupseq&gt;&lt;kwd&gt;this&lt;/kwd&gt;&lt;sep&gt;-&lt;/sep&gt;&lt;kwd&gt;is&lt;/kwd&gt;&lt;sep&gt;-&lt;/sep&gt;&lt;kwd&gt;a&lt;/kwd&gt;
&lt;sep&gt;-&lt;/sep&gt;&lt;var&gt;test&lt;/var&gt;&lt;/groupseq&gt;
<b>&lt;/synblk&gt;</b>
         
         
         </pre>
      </example>
   </refbody>
</reference>