<?xml version='1.0' encoding='utf-8'?>
<!-- (C) Copyright IBM Corporation 2001, 2005. All Rights Reserved.


 *-->
<?xml-stylesheet href="../../xsl/dita2html_shell.xsl" type="text/xsl"?>
<!DOCTYPE reference PUBLIC "-//IBM//DTD DITA Reference//EN" "../../dtd/reference.dtd" []>
<reference id="systemoutput" xml:lang="en-us">
   <title>
      <keyword>systemoutput</keyword>
   </title>
   <shortdesc>The system output (&lt;<keyword>systemoutput</keyword>&gt;) element
represents computer output or responses to a command or situation.
A generalized element, it represents any kind of output from the computer,
so the author may wish to choose more specific markup, such as msgph, for
messages from the application. The system output element is part of the DITA
software domain, a special set of DITA elements designed to document software
tasks, concepts and reference information.</shortdesc>
   <prolog>
      <metadata>
         <keywords>
            <indexterm>systemoutput (system
output)</indexterm>
            <indexterm>Domain elements<indexterm>systemoutput</indexterm>
            </indexterm>
            <indexterm>systemoutput</indexterm>
         </keywords>
      </metadata>
   </prolog>
   <refbody>
      <refsyn>
         <title>Contained by</title>[unknown for this context]</refsyn>
      <refsyn>
         <title>Contains</title> text data or <xref href="varname.xml">varname</xref>;
the same contexts as <xref href="ph.xml">ph</xref>
      </refsyn>
      <section>
         <title>Attributes</title>
         <simpletable relcolwidth="2* 3* 1* 1* 1*" id="systemoutput_attr">
            <sthead>
               <stentry>Name</stentry>
               <stentry>Description</stentry>
               <stentry>Data Type</stentry>
               <stentry>Default Value</stentry>
               <stentry>Required?</stentry>
            </sthead>
            <strow conref="commonLRdefs.xml#commonLRdefs/univ-atts">
               <stentry/>
               <stentry/>
               <stentry/>
               <stentry/>
               <stentry/>
            </strow>
            <strow conref="commonLRdefs.xml#commonLRdefs/outputclass">
               <stentry/>
               <stentry/>
               <stentry/>
               <stentry/>
               <stentry/>
            </strow>
            <strow conref="commonLRdefs.xml#commonLRdefs/global-atts">
               <stentry/>
               <stentry/>
               <stentry/>
               <stentry/>
               <stentry/>
            </strow>
            <strow conref="commonLRdefs.xml#commonLRdefs/class">
               <stentry/>
               <stentry/>
               <stentry/>
               <stentry/>
               <stentry/>
            </strow>
         </simpletable>
      </section>
      <example>
         <codeblock>&lt;p&gt;After you type &lt;userinput&gt;mealplan dinner&lt;/userinput&gt;, the meal planning program
will print a &lt;systemoutput&gt;For what day?&lt;/systemoutput&gt; message.
Reply by typing the day of the week for which you want a meal plan,
for example, &lt;userinput&gt;Thursday&lt;/userinput&gt;.&lt;/p&gt;</codeblock>
      </example>
   </refbody>
</reference>