<?xml version='1.0' encoding='utf-8'?>
<!-- (C) Copyright IBM Corporation 2001, 2005. All Rights Reserved.


 *-->
<?xml-stylesheet href="../../xsl/dita2html_shell.xsl" type="text/xsl"?>
<!DOCTYPE reference PUBLIC "-//IBM//DTD DITA Reference//EN" "../../dtd/reference.dtd" []>
<reference id="task" xml:lang="en-us">
   <title>
      <keyword>task</keyword>
   </title>
   <shortdesc>The &lt;<keyword>task</keyword>&gt; element is the top-level element
for a task topic. Tasks are the main building blocks for task-oriented user
assistance. They generally provide step-by-step instructions that will enable
a user to perform a task. A task answers the question of "how to?" by telling
the user precisely what to do and the order in which to do it. Tasks have
the same high-level structure as other topics, with a title, short description
and body.</shortdesc>
   <prolog>
      <metadata>
         <keywords>
            <indexterm>task</indexterm>
            <indexterm>Task elements<indexterm>task</indexterm>
            </indexterm>
            <indexterm>task</indexterm>
         </keywords>
      </metadata>
   </prolog>
   <refbody>
      <refsyn>
         <title>Contained by</title>
         <xref href="dita.xml">dita</xref>
      </refsyn>
      <refsyn>
         <title>Contains</title>
         <xref href="title.xml">title</xref> then ( <xref href="titlealts.xml">titlealts</xref> ) (optional) then ( <xref href="shortdesc.xml">shortdesc</xref> ) (optional) then ( <xref href="prolog.xml">prolog</xref> ) (optional) then <xref href="taskbody.xml">taskbody</xref> then ( <xref href="related-links.xml">related-links</xref> )
(optional) then ( <xref href="topic.xml">topic</xref> ) (0 or
more) </refsyn>
      <section>
         <title>Attributes</title>
         <simpletable relcolwidth="2* 3* 1* 1* 1*" id="task_attr">
            <sthead>
               <stentry>Name</stentry>
               <stentry>Description</stentry>
               <stentry>Data Type</stentry>
               <stentry>Default Value</stentry>
               <stentry>Required?</stentry>
            </sthead>
            <strow conref="commonLRdefs.xml#commonLRdefs/id">
               <stentry/>
               <stentry/>
               <stentry/>
               <stentry/>
               <stentry/>
            </strow>
            <strow conref="commonLRdefs.xml#commonLRdefs/conref-topic">
               <stentry/>
               <stentry/>
               <stentry/>
               <stentry/>
               <stentry/>
            </strow>
            <strow conref="commonLRdefs.xml#commonLRdefs/select-atts">
               <stentry/>
               <stentry/>
               <stentry/>
               <stentry/>
               <stentry/>
            </strow>
            <strow conref="commonLRdefs.xml#commonLRdefs/outputclass">
               <stentry/>
               <stentry/>
               <stentry/>
               <stentry/>
               <stentry/>
            </strow>
            <strow conref="commonLRdefs.xml#commonLRdefs/xmllang">
               <stentry/>
               <stentry/>
               <stentry/>
               <stentry/>
               <stentry/>
            </strow>
            <strow conref="commonLRdefs.xml#commonLRdefs/DTDVersion">
               <stentry/>
               <stentry/>
               <stentry/>
               <stentry/>
               <stentry/>
            </strow>
            <strow conref="commonLRdefs.xml#commonLRdefs/domains">
               <stentry/>
               <stentry/>
               <stentry/>
               <stentry/>
               <stentry/>
            </strow>
            <strow conref="commonLRdefs.xml#commonLRdefs/global-atts">
               <stentry/>
               <stentry/>
               <stentry/>
               <stentry/>
               <stentry/>
            </strow>
            <strow conref="commonLRdefs.xml#commonLRdefs/class">
               <stentry/>
               <stentry/>
               <stentry/>
               <stentry/>
               <stentry/>
            </strow>
         </simpletable>
      </section>
      <example>
         <codeblock>&lt;task id="sqlj"&gt;
 &lt;title&gt;Creating an SQLJ file&lt;/title&gt;
 &lt;taskbody&gt;
  &lt;context&gt;Once you have set up SQLJ, you need to create a new SQLJ file.
  &lt;/context&gt;
  &lt;steps&gt;
   &lt;step&gt;&lt;cmd&gt;Open...&lt;/cmd&gt;&lt;/step&gt;
  &lt;/steps&gt;
 &lt;/taskbody&gt;
&lt;/task&gt; </codeblock>
      </example>
   </refbody>
</reference>