<?xml version='1.0' encoding='utf-8'?>
<!-- (C) Copyright IBM Corporation 2001, 2005. All Rights Reserved.


 *-->
<?xml-stylesheet href="../../xsl/dita2html_shell.xsl" type="text/xsl"?>
<!DOCTYPE reference PUBLIC "-//IBM//DTD DITA Reference//EN" "../../dtd/reference.dtd" []>
<reference id="tgroup" xml:lang="en-us">
   <title>
      <keyword>tgroup</keyword>
   </title>
   <shortdesc>The &lt;<keyword>tgroup</keyword>&gt; element in a table contains column, row,
spanning, header and footer specifications, and the body (&lt;<keyword>tbody</keyword>&gt;)
of the table.</shortdesc>
   <prolog>
      <metadata>
         <keywords>
            <indexterm>tgroup</indexterm>
            <indexterm>Table elements<indexterm>tgroup</indexterm>
            </indexterm>
            <indexterm>tgroup</indexterm>
         </keywords>
      </metadata>
   </prolog>
   <refbody>
      <refsyn>
         <title>Contained by</title>
         <xref href="table.xml">table</xref>
      </refsyn>
      <refsyn>
         <title>Contains</title> ( <xref href="colspec.xml">colspec</xref> ) (0 or
more) then ( <xref href="spanspec.xml">spanspec</xref> ) (0
or more) then ( <xref href="thead.xml">thead</xref> ) (optional)
then ( <xref href="tfoot.xml">tfoot</xref> ) (optional) then <xref href="tbody.xml">tbody</xref>
      </refsyn>
      <section>
         <title>Attributes</title>
         <simpletable relcolwidth="2* 3* 1* 1* 1*" id="tgroup_attr">
            <sthead>
               <stentry>Name</stentry>
               <stentry>Description</stentry>
               <stentry>Data Type</stentry>
               <stentry>Default Value</stentry>
               <stentry>Required?</stentry>
            </sthead>
            <strow conref="commonLRdefs.xml#commonLRdefs/cols">
               <stentry/>
               <stentry/>
               <stentry/>
               <stentry/>
               <stentry/>
            </strow>
            <strow conref="commonLRdefs.xml#commonLRdefs/colsep">
               <stentry/>
               <stentry/>
               <stentry/>
               <stentry/>
               <stentry/>
            </strow>
            <strow conref="commonLRdefs.xml#commonLRdefs/rowsep">
               <stentry/>
               <stentry/>
               <stentry/>
               <stentry/>
               <stentry/>
            </strow>
            <strow conref="commonLRdefs.xml#commonLRdefs/align">
               <stentry/>
               <stentry/>
               <stentry/>
               <stentry/>
               <stentry/>
            </strow>
            <strow conref="commonLRdefs.xml#commonLRdefs/outputclass">
               <stentry/>
               <stentry/>
               <stentry/>
               <stentry/>
               <stentry/>
            </strow>
            <strow conref="commonLRdefs.xml#commonLRdefs/univ-atts">
               <stentry/>
               <stentry/>
               <stentry/>
               <stentry/>
               <stentry/>
            </strow>
            <strow conref="commonLRdefs.xml#commonLRdefs/global-atts">
               <stentry/>
               <stentry/>
               <stentry/>
               <stentry/>
               <stentry/>
            </strow>
            <strow conref="commonLRdefs.xml#commonLRdefs/class">
               <stentry/>
               <stentry/>
               <stentry/>
               <stentry/>
               <stentry/>
            </strow>
         </simpletable>
      </section>
      <example>
         <table frame="all">
            <tgroup cols="2">
               <colspec colname="col1" colwidth="3*"/>
               <colspec colname="col2" colwidth="2*"/>
               <thead>
                  <row>
                     <entry valign="top" colname="col1">Animal</entry>
                     <entry valign="top" colname="col2">Gestation Period</entry>
                  </row>
               </thead>
               <tbody>
                  <row>
                     <entry colname="col1">Elephant (African and Asian)</entry>
                     <entry colname="col2">19-22 months</entry>
                  </row>
                  <row>
                     <entry colname="col1">Giraffe</entry>
                     <entry colname="col2">15 months</entry>
                  </row>
                  <row>
                     <entry colname="col1">Rhinoceros</entry>
                     <entry colname="col2">14-16 months</entry>
                  </row>
                  <row>
                     <entry colname="col1">Hippopotamus</entry>
                     <entry colname="col2">7 1/2 months</entry>
                  </row>
               </tbody>
            </tgroup>
         </table>
         <codeblock>&lt;table frame="all"&gt;
 &lt;tgroup cols="2"&gt;
  &lt;colspec colname="col1" colwidth="3*"/&gt;
  &lt;colspec colname="col2"colwidth="2*"/&gt;
  &lt;thead&gt;
   &lt;row&gt;
    &lt;entry valign="top"&gt;Animal&lt;/entry&gt;
    &lt;entry valign="top"&gt;Gestation Period&lt;/entry&gt;
   &lt;/row&gt;
  &lt;/thead&gt;
  &lt;tbody&gt;
   &lt;row&gt;
    &lt;entry colname="col1"&gt;Elephant (African and Asian)&lt;/entry&gt;
    &lt;entry colname="col2"&gt;19-22 months&lt;/entry&gt;
   &lt;/row&gt;
   &lt;row&gt;
    &lt;entry colname="col1"&gt;Giraffe&lt;/entry&gt;
    &lt;entry colname="col2"&gt;15 months&lt;/entry&gt;
   &lt;/row&gt;
   &lt;row&gt;
    &lt;entry colname="col1"&gt;Rhinoceros&lt;/entry&gt;
    &lt;entry colname="col2"&gt;14-16 months&lt;/entry&gt;
   &lt;/row&gt;
   &lt;row&gt;
    &lt;entry colname="col1"&gt;Hippopotamus&lt;/entry&gt;
    &lt;entry colname="col2"&gt;7 1/2 months&lt;/entry&gt;
   &lt;/row&gt;
  &lt;/tbody&gt;
 &lt;/tgroup&gt;
&lt;/table&gt;</codeblock>
      </example>
   </refbody>
</reference>