<?xml version='1.0' encoding='utf-8'?>
<!-- (C) Copyright IBM Corporation 2001, 2005. All Rights Reserved.


 *-->
<?xml-stylesheet href="../../xsl/dita2html_shell.xsl" type="text/xsl"?>
<!DOCTYPE reference PUBLIC "-//IBM//DTD DITA Reference//EN" "../../dtd/reference.dtd" []>
<reference id="thead" xml:lang="en-us">
   <title>
      <keyword>thead</keyword>
   </title>
   <shortdesc>The table header (&lt;<keyword>thead</keyword>&gt;) element precedes the table
body (&lt;<keyword>tbody</keyword>&gt;) element in a complex table.</shortdesc>
   <prolog>
      <metadata>
         <keywords>
            <indexterm>thead</indexterm>
            <indexterm>Table
elements<indexterm>thead</indexterm>
            </indexterm>
            <indexterm>thead</indexterm>
         </keywords>
      </metadata>
   </prolog>
   <refbody>
      <refsyn>
         <title>Contained by</title>
         <xref href="tgroup.xml">tgroup</xref>
      </refsyn>
      <refsyn>
         <title>Contains</title> ( <xref href="colspec.xml">colspec</xref> ) (0 or
more) then ( <xref href="row.xml">row</xref> ) (one or more) </refsyn>
      <section>
         <title>Attributes</title>
         <simpletable relcolwidth="2* 3* 1* 1* 1*" id="thead_attr">
            <sthead>
               <stentry>Name</stentry>
               <stentry>Description</stentry>
               <stentry>Data Type</stentry>
               <stentry>Default Value</stentry>
               <stentry>Required?</stentry>
            </sthead>
            <strow conref="commonLRdefs.xml#commonLRdefs/valign">
               <stentry/>
               <stentry/>
               <stentry/>
               <stentry/>
               <stentry/>
            </strow>
            <strow conref="commonLRdefs.xml#commonLRdefs/outputclass">
               <stentry/>
               <stentry/>
               <stentry/>
               <stentry/>
               <stentry/>
            </strow>
            <strow conref="commonLRdefs.xml#commonLRdefs/univ-atts">
               <stentry/>
               <stentry/>
               <stentry/>
               <stentry/>
               <stentry/>
            </strow>
            <strow conref="commonLRdefs.xml#commonLRdefs/global-atts">
               <stentry/>
               <stentry/>
               <stentry/>
               <stentry/>
               <stentry/>
            </strow>
            <strow conref="commonLRdefs.xml#commonLRdefs/class">
               <stentry/>
               <stentry/>
               <stentry/>
               <stentry/>
               <stentry/>
            </strow>
         </simpletable>
      </section>
      <example>The following example shows the desired effect and the code that
produced the table header:
         <table frame="all">
            <tgroup cols="2">
               <colspec colname="col1" colwidth="3*"/>
               <colspec colname="col2" colwidth="2*"/>
               <thead>
                  <row>
                     <entry valign="top" colname="col1">Animal</entry>
                     <entry valign="top" colname="col2">Gestation Period</entry>
                  </row>
               </thead>
               <tbody>
                  <row>
                     <entry colname="col1">Elephant (African and Asian)</entry>
                     <entry colname="col2">19-22 months</entry>
                  </row>
                  <row>
                     <entry colname="col1">Giraffe</entry>
                     <entry colname="col2">15 months</entry>
                  </row>
                  <row>
                     <entry colname="col1">Rhinoceros</entry>
                     <entry colname="col2">14-16 months</entry>
                  </row>
                  <row>
                     <entry colname="col1">Hippopotamus</entry>
                     <entry colname="col2">7 1/2 months</entry>
                  </row>
               </tbody>
            </tgroup>
         </table>
         <codeblock>&lt;table frame="all"&gt;
 &lt;tgroup cols="2"&gt;
  &lt;colspec colname="col1" colwidth="3*"/&gt;
  &lt;colspec colname="col2"colwidth="2*"/&gt;
  &lt;thead&gt;
   &lt;row&gt;
    &lt;entry valign="top"&gt;Animal&lt;/entry&gt;
    &lt;entry valign="top"&gt;Gestation Period&lt;/entry&gt;
   &lt;/row&gt;
  &lt;/thead&gt;
  &lt;tbody&gt;
   &lt;row&gt;
    &lt;entry colname="col1"&gt;Elephant (African and Asian)&lt;/entry&gt;
    &lt;entry colname="col2"&gt;19-22 months&lt;/entry&gt;
   &lt;/row&gt;
   &lt;row&gt;
    &lt;entry colname="col1"&gt;Giraffe&lt;/entry&gt;
    &lt;entry colname="col2"&gt;15 months&lt;/entry&gt;
   &lt;/row&gt;
   &lt;row&gt;
    &lt;entry colname="col1"&gt;Rhinoceros&lt;/entry&gt;
    &lt;entry colname="col2"&gt;14-16 months&lt;/entry&gt;
   &lt;/row&gt;
   &lt;row&gt;
    &lt;entry colname="col1"&gt;Hippopotamus&lt;/entry&gt;
    &lt;entry colname="col2"&gt;7 1/2 months&lt;/entry&gt;
   &lt;/row&gt;
  &lt;/tbody&gt;
 &lt;/tgroup&gt;
&lt;/table&gt;</codeblock>
      </example>
   </refbody>
</reference>