<?xml version='1.0' encoding='utf-8'?>
<!-- (C) Copyright IBM Corporation 2001, 2005. All Rights Reserved.


 *-->
<?xml-stylesheet href="../../xsl/dita2html_shell.xsl" type="text/xsl"?>
<!DOCTYPE reference PUBLIC "-//IBM//DTD DITA Reference//EN" "../../dtd/reference.dtd" []>
<reference id="title" xml:lang="en-us">
   <title>
      <keyword>title</keyword>
   </title>
   <shortdesc>The &lt;<keyword>title</keyword>&gt; element contains a heading or label for the
main parts of a document such as &lt;topic&gt;, &lt;section&gt;, and &lt;example&gt;
and for the display elements such as figure  (&lt;<keyword>fig</keyword>&gt;) and &lt;<keyword>table</keyword>&gt;.</shortdesc>
   <prolog>
      <metadata>
         <keywords>
            <indexterm>title</indexterm>
            <indexterm>Topic
elements<indexterm>title</indexterm>
            </indexterm>
            <indexterm>title</indexterm>
         </keywords>
      </metadata>
   </prolog>
   <refbody>
      <refsyn>
         <title>Contained by</title>
         <xref href="topic.xml">topic</xref> ,  <xref href="section.xml">section</xref> ,  <xref href="example.xml">example</xref> ,
 <xref href="fig.xml">fig</xref> ,  <xref href="figgroup.xml">figgroup</xref> ,  <xref href="linklist.xml">linklist</xref> ,
 <xref href="table.xml">table</xref> ,  <xref href="concept.xml">concept</xref> ,  <xref href="task.xml">task</xref> ,
 <xref href="reference.xml">reference</xref> ,  <xref href="refsyn.xml">refsyn</xref> ,  <xref href="syntaxdiagram.xml">syntaxdiagram</xref> ,
 <xref href="synblk.xml">synblk</xref> ,  <xref href="groupseq.xml">groupseq</xref> ,  <xref href="groupchoice.xml">groupchoice</xref> ,
 <xref href="groupcomp.xml">groupcomp</xref> ,  <xref href="fragment.xml">fragment</xref>
      </refsyn>
      <refsyn>
         <title>Contains</title> text data or <xref href="ph.xml">ph</xref> or <xref href="term.xml">term</xref> or <xref href="q.xml">q</xref> or <xref href="boolean.xml">boolean</xref> or <xref href="state.xml">state</xref> or <xref href="keyword.xml">keyword</xref> or <xref href="tm.xml">tm</xref> or <xref href="image.xml">image</xref>
      </refsyn>
      <section>
         <title>Attributes</title>
         <simpletable relcolwidth="2* 3* 1* 1* 1*" id="title_attr">
            <sthead>
               <stentry>Name</stentry>
               <stentry>Description</stentry>
               <stentry>Data Type</stentry>
               <stentry>Default Value</stentry>
               <stentry>Required?</stentry>
            </sthead>
            <strow conref="commonLRdefs.xml#commonLRdefs/id-atts">
               <stentry/>
               <stentry/>
               <stentry/>
               <stentry/>
               <stentry/>
            </strow>
            <strow conref="commonLRdefs.xml#commonLRdefs/outputclass">
               <stentry/>
               <stentry/>
               <stentry/>
               <stentry/>
               <stentry/>
            </strow>
            <strow conref="commonLRdefs.xml#commonLRdefs/global-atts">
               <stentry/>
               <stentry/>
               <stentry/>
               <stentry/>
               <stentry/>
            </strow>
            <strow conref="commonLRdefs.xml#commonLRdefs/class">
               <stentry/>
               <stentry/>
               <stentry/>
               <stentry/>
               <stentry/>
            </strow>
         </simpletable>
      </section>
      <example>
         <codeblock>&lt;topic id="topic"&gt;
 &lt;title&gt;Some little topic&lt;/title&gt;
 &lt;body&gt;
  &lt;p&gt;Some discourse.&lt;/p&gt;
 &lt;/body&gt;
&lt;/topic&gt;</codeblock>
      </example>
   </refbody>
</reference>