<?xml version='1.0' encoding='utf-8'?>
<!-- (C) Copyright IBM Corporation 2001, 2005. All Rights Reserved.


 *-->
<?xml-stylesheet href="../../xsl/dita2html_shell.xsl" type="text/xsl"?>
<!DOCTYPE reference PUBLIC "-//IBM//DTD DITA Reference//EN" "../../dtd/reference.dtd" []>
<reference id="tm" xml:lang="en-us">
   <title>
      <keyword>tm</keyword>
   </title>
   <shortdesc>The trademark (&lt;<keyword>tm</keyword>&gt;) element in DITA is used
to markup and identify a term or phrase that is trademarked. Trademarks include
registered trademarks, service marks, slogans and logos.</shortdesc>
   <prolog>
      <metadata>
         <keywords>
            <indexterm>tm (trademark)</indexterm>
            <indexterm>trademark
(tm)</indexterm>
            <indexterm>Miscellaneous elements<indexterm>tm (trademark)</indexterm>
            </indexterm>
            <indexterm>tm (trademark)</indexterm>
         </keywords>
      </metadata>
   </prolog>
   <refbody>
      <section>
         <note type="remember">In
your company's documents, these attributes should only be set with an approved
editor that follows corporate rules for nesting trademarks and setting attribute
properties. The business rules for indicating and displaying
trademarks may differ from company to company and must be enforced by authoring
policy and by specific processing.</note>
      </section>
      <refsyn>
         <title>Contained by</title>
         <xref href="title.xml">title</xref> ,  <xref href="shortdesc.xml">shortdesc</xref> ,  <xref href="section.xml">section</xref> ,
 <xref href="example.xml">example</xref> ,  <xref href="desc.xml">desc</xref> ,  <xref href="p.xml">p</xref> ,  <xref href="note.xml">note</xref> ,  <xref href="lq.xml">lq</xref> ,
 <xref href="q.xml">q</xref> ,  <xref href="sli.xml">sli</xref> ,
 <xref href="li.xml">li</xref> ,  <xref href="itemgroup.xml">itemgroup</xref> ,  <xref href="dthd.xml">dthd</xref> ,
 <xref href="ddhd.xml">ddhd</xref> ,  <xref href="dt.xml">dt</xref> ,
 <xref href="dd.xml">dd</xref> ,  <xref href="pre.xml">pre</xref> ,
 <xref href="lines.xml">lines</xref> ,  <xref href="term.xml">term</xref> ,  <xref href="ph.xml">ph</xref> ,
 <xref href="tm.xml">tm</xref> ,  <xref href="stentry.xml">stentry</xref> ,  <xref href="draft-comment.xml">draft-comment</xref> ,
 <xref href="fn.xml">fn</xref> ,  <xref href="cite.xml">cite</xref> ,
 <xref href="xref.xml">xref</xref> ,  <xref href="linkinfo.xml">linkinfo</xref> ,  <xref href="entry.xml">entry</xref> ,
 <xref href="prereq.xml">prereq</xref> ,  <xref href="context.xml">context</xref> ,  <xref href="cmd.xml">cmd</xref> ,
 <xref href="info.xml">info</xref> ,  <xref href="tutorialinfo.xml">tutorialinfo</xref> ,  <xref href="stepxmp.xml">stepxmp</xref> ,
 <xref href="choice.xml">choice</xref> ,  <xref href="choptionhd.xml">choptionhd</xref> ,  <xref href="chdeschd.xml">chdeschd</xref> ,
 <xref href="choption.xml">choption</xref> ,  <xref href="chdesc.xml">chdesc</xref> ,  <xref href="stepresult.xml">stepresult</xref> ,
 <xref href="result.xml">result</xref> ,  <xref href="postreq.xml">postreq</xref> ,  <xref href="refsyn.xml">refsyn</xref> ,
 <xref href="proptype.xml">proptype</xref> ,  <xref href="propvalue.xml">propvalue</xref> ,  <xref href="propdesc.xml">propdesc</xref> ,
 <xref href="b.xml">b</xref> ,  <xref href="u.xml">u</xref> ,
 <xref href="i.xml">i</xref> ,  <xref href="tt.xml">tt</xref> ,
 <xref href="sup.xml">sup</xref> ,  <xref href="sub.xml">sub</xref> ,
 <xref href="pt.xml">pt</xref> ,  <xref href="pd.xml">pd</xref> ,
 <xref href="fragref.xml">fragref</xref> ,  <xref href="synnote.xml">synnote</xref>
      </refsyn>
      <refsyn>
         <title>Contains</title> text data or <xref href="tm.xml">tm</xref>
      </refsyn>
      <section>
         <title>Attributes</title>
         <simpletable relcolwidth="2* 3* 1* 1* 1*" id="tm_attr">
            <sthead>
               <stentry>Name</stentry>
               <stentry>Description</stentry>
               <stentry>Data Type</stentry>
               <stentry>Default Value</stentry>
               <stentry>Required?</stentry>
            </sthead>
            <strow conref="commonLRdefs.xml#commonLRdefs/trademark">
               <stentry/>
               <stentry/>
               <stentry/>
               <stentry/>
               <stentry/>
            </strow>
            <strow conref="commonLRdefs.xml#commonLRdefs/tmowner">
               <stentry/>
               <stentry/>
               <stentry/>
               <stentry/>
               <stentry/>
            </strow>
            <strow conref="commonLRdefs.xml#commonLRdefs/tmtype">
               <stentry/>
               <stentry/>
               <stentry/>
               <stentry/>
               <stentry/>
            </strow>
            <strow conref="commonLRdefs.xml#commonLRdefs/tmclass">
               <stentry/>
               <stentry/>
               <stentry/>
               <stentry/>
               <stentry/>
            </strow>
            <strow conref="commonLRdefs.xml#commonLRdefs/global-atts">
               <stentry/>
               <stentry/>
               <stentry/>
               <stentry/>
               <stentry/>
            </strow>
            <strow conref="commonLRdefs.xml#commonLRdefs/class">
               <stentry/>
               <stentry/>
               <stentry/>
               <stentry/>
               <stentry/>
            </strow>
         </simpletable>
      </section>
      <example>
         <codeblock>&lt;p&gt;The advantages of using &lt;tm trademark="DB2 Universal Database" tmtype="tm"&gt;
&lt;tm trademark="DB2" tmtype="reg" tmclass="ibm"&gt;DB2&lt;/tm&gt; Universal Database&lt;/tm&gt; are 
well known.&lt;/p&gt;</codeblock>
      </example>
   </refbody>
</reference>