<?xml version='1.0' encoding='utf-8'?>
<!-- (C) Copyright IBM Corporation 2001, 2005. All Rights Reserved.


 *-->
<?xml-stylesheet href="../../xsl/dita2html_shell.xsl" type="text/xsl"?>
<!DOCTYPE reference PUBLIC "-//IBM//DTD DITA Reference//EN" "../../dtd/reference.dtd" []>
<reference id="topic2" xml:lang="en-us">
   <title>Topic elements</title>
   <refbody>
      <section>
         <p>Use the generic topic structure for untyped topics. Although it is possible
to develop most types of topic content within a generic topic, only the typed
topics contain designed-in features that enable you to collect topics of a
kind (for example, reference) into automatic groups in a navigation system
(as in an information center.)<indexterm>Topic elements</indexterm>
         
         </p>
      </section>
   </refbody>
</reference>