<?xml version='1.0' encoding='utf-8'?>
<!-- (C) Copyright IBM Corporation 2001, 2005. All Rights Reserved.


 *-->
<?xml-stylesheet href="../../xsl/dita2html_shell.xsl" type="text/xsl"?>
<!DOCTYPE reference PUBLIC "-//IBM//DTD DITA Reference//EN" "../../dtd/reference.dtd" []>
<reference id="tutorialinfo" xml:lang="en-us">
   <title>
      <keyword>tutorialinfo</keyword>
   </title>
   <shortdesc>The tutorial info (&lt;<keyword>tutorialinfo</keyword>&gt;) element
contains information that is included in a step when a task is part of a tutorial.
The &lt;<keyword>tutorialinfo</keyword>&gt; element allows you to turn a task
into a learning exercise by including explanatory content about methods for
completing the current step. This information is currently included in all
output processing results, not just tutorials. It is not for use in tasks
that are being used outside of tutorials.</shortdesc>
   <prolog>
      <metadata>
         <keywords>
            <indexterm>tutorialinfo</indexterm>
            <indexterm>Task
elements<indexterm>tutorialinfo</indexterm>
            </indexterm>
            <indexterm>tutorialinfo</indexterm>
         </keywords>
      </metadata>
   </prolog>
   <refbody>
      <refsyn>
         <title>Contained by</title>
         <xref href="step.xml">step</xref> ,  <xref href="substep.xml">substep</xref>
      </refsyn>
      <refsyn>
         <title>Contains</title> text data or <xref href="ph.xml">ph</xref> or <xref href="term.xml">term</xref> or <xref href="xref.xml">xref</xref> or <xref href="cite.xml">cite</xref> or <xref href="q.xml">q</xref> or <xref href="boolean.xml">boolean</xref> or <xref href="state.xml">state</xref> or <xref href="keyword.xml">keyword</xref> or <xref href="tm.xml">tm</xref> or <xref href="p.xml">p</xref> or <xref href="lq.xml">lq</xref> or <xref href="note.xml">note</xref> or <xref href="dl.xml">dl</xref> or <xref href="ul.xml">ul</xref> or <xref href="ol.xml">ol</xref> or <xref href="sl.xml">sl</xref> or <xref href="pre.xml">pre</xref> or <xref href="lines.xml">lines</xref> or <xref href="fig.xml">fig</xref> or <xref href="image.xml">image</xref> or <xref href="object.xml">object</xref> or <xref href="table.xml">table</xref> or <xref href="simpletable.xml">simpletable</xref> or <xref href="draft-comment.xml">draft-comment</xref> or <xref href="required-cleanup.xml">required-cleanup</xref> or <xref href="fn.xml">fn</xref> or <xref href="indextermref.xml">indextermref</xref> or <xref href="indexterm.xml">indexterm</xref>
      </refsyn>
      <section>
         <title>Attributes</title>
         <simpletable relcolwidth="2* 3* 1* 1* 1*" id="tutorialinfo_attr">
            <sthead>
               <stentry>Name</stentry>
               <stentry>Description</stentry>
               <stentry>Data Type</stentry>
               <stentry>Default Value</stentry>
               <stentry>Required?</stentry>
            </sthead>
            <strow conref="commonLRdefs.xml#commonLRdefs/univ-atts">
               <stentry/>
               <stentry/>
               <stentry/>
               <stentry/>
               <stentry/>
            </strow>
            <strow conref="commonLRdefs.xml#commonLRdefs/outputclass">
               <stentry/>
               <stentry/>
               <stentry/>
               <stentry/>
               <stentry/>
            </strow>
            <strow conref="commonLRdefs.xml#commonLRdefs/global-atts">
               <stentry/>
               <stentry/>
               <stentry/>
               <stentry/>
               <stentry/>
            </strow>
            <strow conref="commonLRdefs.xml#commonLRdefs/class">
               <stentry/>
               <stentry/>
               <stentry/>
               <stentry/>
               <stentry/>
            </strow>
         </simpletable>
      </section>
      <example>
         <codeblock>&lt;steps&gt;
 &lt;step&gt;
  &lt;cmd&gt;Do this&lt;/cmd&gt;
  &lt;tutorialinfo&gt;In your editor, open the first element and click on 
  the dialog.&lt;/tutorialinfo&gt;
 &lt;/step&gt;
 &lt;step&gt;
  &lt;cmd&gt;Do that&lt;/cmd&gt;
  &lt;tutorialinfo&gt;Move the framulator into the foobar box.&lt;/tutorialinfo&gt;
 &lt;/step&gt;
&lt;/steps&gt;</codeblock> </example>
   </refbody>
</reference>