<?xml version='1.0' encoding='utf-8'?>
<!-- (C) Copyright IBM Corporation 2001, 2005. All Rights Reserved.


 *-->
<?xml-stylesheet href="../../xsl/dita2html_shell.xsl" type="text/xsl"?>
<!DOCTYPE reference PUBLIC "-//IBM//DTD DITA Reference//EN" "../../dtd/reference.dtd" []>
<reference id="uitlities" xml:lang="en-us">
  <title>Utilities elements</title>
  <refbody>
    <section>
      <p>The utilities domain elements represent common features of a language that may not necessarily be semantic, such as image maps. This is a new domain, and its content is provisional be definition... non-semantic markup could always be replaced by more specific markup in a full specialization, etc..<indexterm>Domains elements<indexterm>utilities elements</indexterm></indexterm><indexterm>utilities elements</indexterm></p>
    </section>
  </refbody>
</reference>

