<?xml version='1.0' encoding='utf-8'?>
<!-- (C) Copyright IBM Corporation 2001, 2005. All Rights Reserved.


 *-->
<?xml-stylesheet href="../../xsl/dita2html_shell.xsl" type="text/xsl"?>
<!DOCTYPE reference PUBLIC "-//IBM//DTD DITA Reference//EN" "../../dtd/reference.dtd" []>
<reference id="wintitle" xml:lang="en-us">
   <title>
      <keyword>wintitle</keyword>
   </title>
   <shortdesc>The window title &lt;<keyword>wintitle</keyword>&gt; element represents the title
text that appears at the top of a window or dialog, and applies to wizard
titles, wizard page titles, and pane titles. This element is part of the DITA
user interface domain, a special set of DITA elements designed to document
user interface tasks, concepts and reference information.</shortdesc>
   <prolog>
      <metadata>
         <keywords>
            <indexterm>wintitle
(window title)</indexterm>
            <indexterm>Domain elements<indexterm>wintitle</indexterm>
            </indexterm>
            <indexterm>wintitle</indexterm>
         </keywords>
      </metadata>
   </prolog>
   <refbody>
      <refsyn>
         <title>Contained by</title>The same contexts as <xref href="keyword.xml">keyword</xref>
      </refsyn>
      <refsyn>
         <title>Contains</title> text data </refsyn>
      <section>
         <title>Attributes</title>
         <simpletable relcolwidth="2* 3* 1* 1* 1*" id="wintitle_attr">
            <sthead>
               <stentry>Name</stentry>
               <stentry>Description</stentry>
               <stentry>Data Type</stentry>
               <stentry>Default Value</stentry>
               <stentry>Required?</stentry>
            </sthead>
            <strow conref="commonLRdefs.xml#commonLRdefs/keyref">
               <stentry/>
               <stentry/>
               <stentry/>
               <stentry/>
               <stentry/>
            </strow>
            <strow conref="commonLRdefs.xml#commonLRdefs/univ-atts">
               <stentry/>
               <stentry/>
               <stentry/>
               <stentry/>
               <stentry/>
            </strow>
            <strow conref="commonLRdefs.xml#commonLRdefs/outputclass">
               <stentry/>
               <stentry/>
               <stentry/>
               <stentry/>
               <stentry/>
            </strow>
            <strow conref="commonLRdefs.xml#commonLRdefs/global-atts">
               <stentry/>
               <stentry/>
               <stentry/>
               <stentry/>
               <stentry/>
            </strow>
            <strow conref="commonLRdefs.xml#commonLRdefs/class">
               <stentry/>
               <stentry/>
               <stentry/>
               <stentry/>
               <stentry/>
            </strow>
         </simpletable>
      </section>
      <example>
         <pre>&lt;step&gt;
  &lt;cmd&gt;Click &lt;uicontrol&gt;Configure&lt;/uicontrol&gt;.&lt;/cmd&gt;
  &lt;stepresult&gt;The &lt;wintitle&gt;Configuration Options&lt;/wintitle&gt; window
  opens with your last set of selections highlighted.&lt;/stepresult&gt;
&lt;/step&gt;</pre>
      </example>
   </refbody>
</reference>