<?xml version="1.0" encoding="utf-8"?>
<!-- (C) Copyright IBM Corporation 2001, 2005. All Rights Reserved.
 *-->
<?xml-stylesheet href="../../xsl/ditaview_shell.xsl" type="text/xsl"?>
<!DOCTYPE concept PUBLIC "-//OASIS//DTD DITA Concept//EN"
 "../../dtd/concept.dtd">
<concept id="oilconcept" xml:lang="en-us">
<title>Oil</title>
<prolog>
</prolog><conbody><p>Motor oil keeps your car's engine running smoothly. Oil should be changed 
every 6000 kilometers.</p></conbody>
<related-links>
<link href="../tasks/changingtheoil.xml" format="dita" type="task"><linktext>Changing the oil</linktext></link>
</related-links></concept>
