<?xml version="1.0" encoding="utf-8"?>
<!-- (C) Copyright IBM Corporation 2001, 2005. All Rights Reserved.=
 *-->
<?xml-stylesheet href="../../xsl/ditaview_shell.xsl" type="text/xsl"?>
<!DOCTYPE concept PUBLIC "-//OASIS//DTD DITA Concept//EN"
 "../../dtd/concept.dtd">
<concept id="shelvingconcept" xml:lang="en-us">
<title>Shelving</title>
<conbody><p>Wooden or metal shelving is useful for storing things in the garage. It keeps 
things neat and organized.</p></conbody>
<related-links>
<link href="../tasks/organizing.xml" format="dita" type="task"><linktext>Organizing the workbench and tools</linktext></link>
</related-links>
</concept>
