<?xml version="1.0" encoding="utf-8"?>
<!-- (C) Copyright IBM Corporation 2001, 2005. All Rights Reserved.
 *-->
<?xml-stylesheet href="../../xsl/ditaview_shell.xsl" type="text/xsl"?>
<!DOCTYPE concept PUBLIC "-//OASIS//DTD DITA Concept//EN"
 "../../dtd/concept.dtd">
<concept id="waterhoseconcept" xml:lang="en-us">
<title>Water hose</title>
<conbody><p>A water hose is useful for cleaning and gardening projects around the yard. 
Keep the hose coiled on a large hook near a water spout.</p></conbody>
<related-links>
<link href="../tasks/washingthecar.xml" format="dita" type="task"><linktext>Washing the car</linktext></link>
</related-links>
</concept>
