<?xml version="1.0" encoding="utf-8"?>
<!-- (c) Copyright by Comtech Services, Inc. All rights reserved. -->
<!DOCTYPE task PUBLIC "-//IBM//DTD DITA Task//EN" "../dtd/task.dtd">
<task id="troubleshooting" xml:lang="en-us">
  <title>Troubleshooting</title>
  <shortdesc>Use this information to identify problems when installing and 
    running the DITA Open Toolkit.</shortdesc>
  <taskbody>
    <context><b>Out of Memory Error</b>- In step four of testing DITA 
      installation, you may receive a message stating the build has failed due 
      to an "Out of Memory" error.</context>
    <steps>
      <step>
        <cmd>In the command prompt under the DITA Open Toolkit directory 
          (DITAOT) type <codeph>set ANT_OPTS=%ANT_OPTS% -Xmx256M</codeph></cmd>
      </step>
      <step>
        <cmd>Repeat step four of the testing DITA installation process again by 
          typing <codeph>ant all</codeph> in the command prompt.</cmd>
      </step>
    </steps>
  </taskbody>
</task>