<?xml version="1.0" encoding="UTF-8"?>
<!-- (c) Copyright by Comtech Services, Inc. All rights reserved. -->
<!DOCTYPE task PUBLIC "-//IBM//DTD DITA Task//EN" "../dtd/task.dtd" [
  <!-- Begin Document Specific Declarations -->
  <!ENTITY ut-d-att "(topic ut-d)">
  <!-- End Document Specific Declarations -->
  ]>
<task id = "install_saxon" xml:lang = "en-us">
  <title>Installing SAXON XSLT Processor</title>
  <titlealts>
    <searchtitle>Installing SAXON XSLT Processor (Windows)</searchtitle>
  </titlealts>
  <shortdesc>You can use the SAXON SXLT Processor to import stylesheets and 
    queries into an XML schema, validate XML data against a schema, and select 
    the elements and attributes in your XML documents according to their 
    schema-defined type.</shortdesc>
  <taskbody>
    <steps>
      <step>
        <cmd>Enter the URL: <xref href = "http://saxon.sourceforge.net/" format 
          = "html" scope = "external">http://saxon.sourceforge.net/</xref></cmd>
      </step>
      <step>
        <cmd>From SAXON: The XSLT and XQuery Processor page, scroll to find the 
          heading <uicontrol>Saxon 6.5.3</uicontrol></cmd>
      </step>
      <step>
        <cmd>Select <uicontrol>Download (3265 Kbytes)</uicontrol>. </cmd>
        <stepresult>The SourceForge.net page opens with a list of download 
          options.</stepresult>
      </step>
      <step>
        <cmd>Select any of the <image href = "pic/compressed.gif"></image> 
          images to start the download.</cmd>
        <info> If SAXON does not appear to be downloading, wait a few minutes 
          before selecting another <image href = "pic/compressed.gif"></image> 
          image. You may have to select more than one <image href = 
          "pic/compressed.gif"></image> image until you find one that works. 
          <note type = "note">If you are an Internet Explorer user and a yellow 
          bar appears at the top of the screen with the message, "To help 
          protect your security, Internet Explorer blocked this site from 
          downloading files to your computer. Click here for options..," click 
          on the bar and select "Download File." </note></info>
      </step>
      <step>
        <cmd>Click <uicontrol>Save</uicontrol> to unzip the Saxon 6.5.3.zip 
          file and save it to the C:\ directory as 
          <filepath>saxon</filepath>.</cmd>
      </step>
      <step>
        <cmd>Set the <varname>CLASSPATH</varname> <xref href = 
          "settingenvironmentvariables.xml" scope = "local">environment 
          variable</xref> for following saxon.jar files:</cmd>
      </step>
    </steps>
  </taskbody>
</task>