<?xml version="1.0" encoding="utf-8"?>
<!-- (c) Copyright IBM Corp. 2004, 2005 All Rights Reserved. -->
<!DOCTYPE task PUBLIC "-//IBM//DTD DITA Task//EN" "../dtd/task.dtd">
<task id="install_xalan" xml:lang="en-us">
  <title>Installing XALAN XSLT Processor</title>
  <titlealts>
    <searchtitle>Installing XALAN <?Pub Caret?>XSLT Processor 
      (Windows)</searchtitle>
  </titlealts>
  <shortdesc>You can alternatively use the XALAN SXLT Processor to import 
    stylesheets and queries into an XML schema, validate XML data against a 
    schema, and select the elements and attributes in your XML documents 
    according to their schema-defined type.</shortdesc>
  <taskbody>
    <steps>
      <step>
        <cmd>Enter the URL:<xref format="html" 
          href="http://archive.apache.org/dist/xml/xalan-j/" 
          scope="external"></xref></cmd>
      </step>
      <step>
        <cmd>From SAXON: The Xalan Processor page, scroll to find the heading 
          <uicontrol>xalan-j_2_6_0-bin.zip</uicontrol>. Click to downlad.</cmd>
      </step>
      <step>
        <cmd> Save and unzip the xalan-j_2_6_0-bin.zip file to C:\ directory as 
          <filepath>xalan</filepath>.</cmd>
      </step>
      <step>
        <cmd>Set the <varname>CLASSPATH</varname> <xref 
          href="settingenvironmentvariables.xml" scope="local">environment 
          variable</xref> for following .jar files: 
          <filepath>xalan.jar</filepath> file and the 
          <filepath>xercesImpl.jar</filepath> file</cmd>
      </step>
    </steps>
  </taskbody>
</task>