<?xml version="1.0" encoding="utf-8"?>
<!-- (c) Copyright by Comtech Services, Inc. All rights reserved. -->
<!DOCTYPE task PUBLIC "-//IBM//DTD DITA Task//EN" "../dtd/task.dtd">
<task id="install_htmlhelp" xml:lang="en-us">
  <title>Installing Microsoft HTML Help</title>
  <titlealts>
    <searchtitle>Installing Microsoft HTML Help (Windows)</searchtitle>
  </titlealts>
  <shortdesc> Microsoft HTML Help is an online help authoring tool. You can use 
    it to develop and author online help for software applications or web 
    sites. </shortdesc>
  <taskbody>
    <steps>
      <step>
        <cmd>Enter the URL: <xref format="html" 
          href="http://msdn.microsoft.com/library/default.asp?url=/library/en-us/htmlhelp/html/hwmicrosofthtmlhelpdownloads.asp" 
          scope="external">http://msdn.microsoft.com/library/default.asp?url=/library/en-us/htmlhelp/html/hwmicrosofthtmlhelpdownloads.asp</xref></cmd>
      </step>
      <step>
        <cmd>From the MSDN page, scroll to find the heading <uicontrol>HTML 
          Help Workshop</uicontrol></cmd>
      </step>
      <step>
        <cmd>Select <uicontrol>Download Htmlhelp.exe</uicontrol>. </cmd>
      </step>
      <step>
        <cmd>Click <uicontrol>Run</uicontrol> and navigate to a C:\ directory 
          as <filepath>C:\Program Files\HTML Help Workshop</filepath>.</cmd>
      </step>
      <step>
        <cmd>Follow the steps in the HTML Help install guide wizard to complete 
          the installation.</cmd>
      </step>
    </steps>
  </taskbody>
</task>