<?xml version="1.0" encoding="UTF-8"?>
<!-- (c) Copyright by Comtech Services, Inc. All rights reserved. -->
<!DOCTYPE task PUBLIC "-//IBM//DTD DITA Task//EN" "../dtd/task.dtd" [
  <!-- Begin Document Specific Declarations -->
  <!ENTITY ut-d-att "(topic ut-d)">
  <!-- End Document Specific Declarations -->
  ]>
<task id = "install_javahelp" xml:lang = "en-us">
  <title>Installing JavaHelp</title>
  <titlealts>
    <searchtitle>Installing JavaHelp (Windows)</searchtitle>
  </titlealts>
  <shortdesc>You can use JavaHelp to incorporate online help in applications, 
    components, operating systems, applets, and devices.</shortdesc>
  <taskbody>
    <steps>
      <step>
        <cmd>Enter the URL: <xref href = 
          "http://java.sun.com/products/javahelp/download_binary.html" format = 
          "html" scope = 
          "external">http://java.sun.com/products/javahelp/download_binary.html</xref></cmd>
      </step>
      <step>
        <cmd>From the Sun Developer Network page, scroll to find the 
          heading<uicontrol> JavaHelp 2.0_02 (Zip)</uicontrol></cmd>
      </step>
      <step>
        <cmd>Select <uicontrol>Download</uicontrol>.</cmd>
      </step>
      <step>
        <cmd>From the Sun Developer Network page, accept the license agreement 
          and scroll to the heading "Platform - JavaHelp API 2.0_02 FCS"</cmd>
      </step>
      <step>
        <cmd>Select <uicontrol>javahelp-2_0_02.zip, 6.49 MB</uicontrol></cmd>
        <stepresult>The <systemoutput>File Download</systemoutput> window 
          opens.</stepresult>
      </step>
      <step>
        <cmd>Click <uicontrol>Save</uicontrol> to unzip the javahelp-2_0_02.zip 
          file and save it to the C:\ directory as 
          <filepath>javahelp</filepath>.</cmd>
      </step>
      <step>
        <cmd>Set the <varname>JHHOME </varname><xref href = 
          "settingenvironmentvariables.xml" scope = "local">environment 
          variable</xref>.</cmd>
      </step>
    </steps>
  </taskbody>
</task>