<?xml version="1.0" encoding="utf-8"?>
<!-- (c) Copyright IBM Corp. 2004, 2005 All Rights Reserved. -->
<!DOCTYPE task PUBLIC "-//IBM//DTD DITA Task//EN" "../dtd/task.dtd">
<task id="linux_install_ditaot" xml:lang="en-us">
  <title>Installing the DITA Open Toolkit</title>
  <shortdesc>The DITA Open Toolkit is downloaded from the SourceForge web site. 
    For this installation, you will access the web sites for each of the 
    required installation items, including Ant, Java Development Toolkit, 
    JavaHelp, Apache FOP, and SAXON XSLT Processor. </shortdesc>
  <taskbody>
    <steps>
      <step>
        <cmd>Enter the URL: <xref format="html" 
          href="http://sourceforge.net/projects/dita-ot/" 
          scope="external">http://sourceforge.net/projects/dita-ot</xref></cmd>
      </step>
      <step>
        <cmd>On the SourceForge.net page, find <uicontrol>dita-ot 
          1.1.2.1</uicontrol></cmd>
      </step>
      <step>
        <cmd>Select <uicontrol>dita-ot 1.1.2.1</uicontrol>. </cmd>
        <stepresult>The <systemoutput>Dita-ot</systemoutput> table 
          displays.</stepresult>
      </step>
      <step>
        <cmd>Select <uicontrol>DITA-OT1.1.2.1_bin.tar.gz</uicontrol></cmd>
        <stepresult>The SourceForge.net page opens with a list of 
          <systemoutput>download options</systemoutput>.</stepresult>
      </step>
      <step>
        <cmd>Save and extract the package file into a Linux home 
          directory. </cmd>
        <info>
          <note>You can extract all package files and toolkits either to your 
            private home directory for exclusive usage or to /usr/local/share/ 
            directory for sharing. </note>
        </info>
      </step>
    </steps>
  </taskbody>
</task>