<?xml version="1.0" encoding="UTF-8"?>
<!-- (c) Copyright IBM Corp. 2004, 2005 All Rights Reserved. -->
<!DOCTYPE task PUBLIC "-//IBM//DTD DITA Task//EN" "../dtd/task.dtd" [
  <!-- Begin Document Specific Declarations -->
  <!ENTITY ut-d-att "(topic ut-d)">
  <!-- End Document Specific Declarations -->
  ]>
<task id = "linux_install_ant" xml:lang = "en-us">
  <title>Installing Ant</title>
  <titlealts>
    <searchtitle>Installing Ant (Linux)</searchtitle>
  </titlealts>
  <shortdesc>Apache Ant is a build tool that is Java-based and uses Java 
    classes. Ant configuration files are XML based. You can use them to build 
    all output files such as HTML, PDF, and help systems.</shortdesc>
  <taskbody>
    <steps>
      <step>
        <cmd>Enter the URL: <xref href = 
          "http://ant.apache.org/bindownload.cgi" format = "html" scope = 
          "external">http://ant.apache.org/bindownload.cgi</xref></cmd>
      </step>
      <step>
        <cmd>On the Apache Ant Project page, find the heading 
          <uicontrol>Current Release of Ant</uicontrol></cmd>
      </step>
      <step>
        <cmd>Select <uicontrol>apache-ant-1.6.5-bin.tar.gz [PGP] [SHA1] 
          [MD5]</uicontrol></cmd>
      </step>
      <step>
        <cmd>Save and extract the package file into a Linux home 
          directory.</cmd>
      </step>
      <step>
        <cmd>Add the <codeph>bin</codeph> directory to your 
          <varname>PATH</varname> <xref href = 
          "linux_settingenvironmentvariables.xml">environment 
          variable</xref>.</cmd>
      </step>
      <step>
        <cmd>Add the <varname>ANT_HOME</varname> <xref href = 
          "linux_settingenvironmentvariables.xml" scope = "local">environment 
          variable</xref>.</cmd>
      </step>
    </steps>
    <example></example>
    <postreq></postreq>
  </taskbody>
</task>