<?xml version="1.0" encoding="utf-8"?>
<!-- (c) Copyright IBM Corp. 2004, 2005 All Rights Reserved. -->
<!DOCTYPE task PUBLIC "-//IBM//DTD DITA Task//EN" "../dtd/task.dtd">
<task id="linux_install_jdk" xml:lang="en-us">
  <title>Installing JDK (Java Development Kit)</title>
  <titlealts>
    <searchtitle>Installing JDK (Linux)</searchtitle>
  </titlealts>
  <shortdesc>Java Development Kit (JDK) is a Sun product targeted for Java 
    developers. You can use it to write, compile, debug, and run Java applets 
    and applications.</shortdesc>
  <taskbody>
    <steps>
      <step>
        <cmd>Enter the URL:<?Pub Caret?><xref format="html" 
          href="http://java.sun.com/products/archive/j2se/1.4.2_08/index.html" 
          scope="external"></xref></cmd>
      </step>
      <step>
        <cmd>From the Sun Developer Network page, scroll to find the heading 
          <uicontrol>J2SE v 1.4.2_08 SDK</uicontrol></cmd>
      </step>
      <step>
        <cmd>Select <uicontrol>Download J2SE SDK</uicontrol></cmd>
      </step>
      <step>
        <cmd>From the Sun Developer Network page, accept the license agreement 
          and scroll to the heading "Linux Platform - Java(TM) 2 SDK, Standard 
          Edition 1.4.2_08"</cmd>
      </step>
      <step>
        <cmd>Select and download <uicontrol>RPM in self-extracting file 
          </uicontrol>.</cmd>
      </step>
      <step>
        <cmd>Run and install into a Linux home directory. </cmd>
      </step>
      <step>
        <cmd>Set the <xref href="linux_settingenvironmentvariables.xml" 
          scope="local">environment variable</xref> for 
          <varname>JAVA_HOME</varname>.</cmd>
      </step>
    </steps>
  </taskbody>
</task>