<?xml version="1.0" encoding="UTF-8"?>
<!-- (c) Copyright IBM Corp. 2004, 2005 All Rights Reserved. -->
<!DOCTYPE task PUBLIC "-//IBM//DTD DITA Task//EN" "../dtd/task.dtd" [
  <!-- Begin Document Specific Declarations -->
  <!ENTITY ut-d-att "(topic ut-d)">
  <!-- End Document Specific Declarations -->
  ]>
<task id = "linux_using_dita" xml:lang = "en-us">
  <title>Testing DITA Installation</title>
  <titlealts>
    <searchtitle>Testing DITA Installation (Linux)</searchtitle>
  </titlealts>
  <shortdesc>Test your DITA Open Toolkit installation to ensure it installed 
    correctly.</shortdesc>
  <taskbody>
    <steps>
      <step>
        <cmd>In the console, type <codeph>cd {DITAOT_dir}</codeph>. </cmd>
      </step>
      <step>
        <cmd>Type <codeph>ant all</codeph> and press Enter to begin testing. 
          </cmd>
        <stepresult>The testing process completes in 3-10 minutes depending on 
          the speed of your machine. When testing completes, the confirmation 
          message "BUILD SUCCESSFUL" displays. <note type = "note">To read more 
          about the DITA Open Toolkit options and functions, see 
          {DITAOT_dir}\doc\DITA-readme.html on your local hard 
          drive.</note></stepresult>
      </step>
    </steps>
  </taskbody>
</task>