<?xml version="1.0" encoding="utf-8"?>
<!-- (c) Copyright IBM Corp. 2004, 2005 All Rights Reserved. -->
<!DOCTYPE topic PUBLIC "-//IBM//DTD DITA Topic//EN" "../dtd/topic.dtd">
<topic id="linux_dita_ot" xml:lang="en-us">
  <title>About the DITA Open Toolkit for Linux</title>
  <titlealts>
    <navtitle>DITA Open Toolkit for Linux</navtitle>
    <searchtitle>About DITA Open Toolkit for Linux</searchtitle>
  </titlealts>
  <shortdesc>The DITA Open Toolkit is an implementation of the OASIS DITA 
    Technical Committee's specification for Darwin Information Typing 
    Architecture (DITA) DTDs and schemas. The Toolkit transforms DITA XML 
    source content into deliverable formats such as PDF, HTML, and help 
    systems. </shortdesc>
  <prolog>
    <author>Jen Linton</author>
    <author>JoAnn Hackos</author>
    <author>Kylene Bruski</author>
    <copyright>
      <copyryear year="2005"/>
      <copyrholder>Comtech Services, Inc.</copyrholder>
    </copyright>
  </prolog>
  <body>
    <p>This guide explains how to install the DITA Open Toolkit and provides 
      background and reference information to help you understand the 
      process.</p>
    <section>
      <title>Installation Requirements</title>
      <p>To successfully install the DITA Open Toolkit, you must have a 
        Linux operating system running on your workstation.</p>
    </section>
  </body>
</topic>