<?xml version="1.0" encoding="UTF-8"?>
<!-- (c) Copyright by Comtech Services, Inc. All rights reserved. -->
<!DOCTYPE task PUBLIC "-//IBM//DTD DITA Task//EN" "../dtd/task.dtd" [
  <!-- Begin Document Specific Declarations -->
  <!ENTITY ut-d-att "(topic ut-d)">
  <!-- End Document Specific Declarations -->
  ]>
<task id = "usingdita" xml:lang = "en-us">
  <title>Testing DITA Installation</title>
  <titlealts>
    <searchtitle>Testing DITA Installation (Windows)</searchtitle>
  </titlealts>
  <shortdesc>Test your DITA Open Toolkit installation to ensure it installed 
    correctly.</shortdesc>
  <taskbody>
    <steps>
      <step>
        <cmd>From the toolbar, click <varname> Start > Run</varname>. </cmd>
      </step>
      <step>
        <cmd>In the Open field, type <codeph>cmd</codeph>.</cmd>
      </step>
      <step>
        <cmd>Change the command prompt according to the following table.</cmd>
        <choicetable frame = "none">
          <chhead>
            <choptionhd>If this prompt displays, </choptionhd>
            <chdeschd>type the following command</chdeschd>
          </chhead>
          <chrow>
            <choption>D:\</choption>
            <chdesc>
              <codeblock> c: </codeblock>
            </chdesc>
          </chrow>
          <chrow>
            <choption>H:\</choption>
            <chdesc>
              <codeblock>c: </codeblock>
            </chdesc>
          </chrow>
          <chrow>
            <choption>C:\My Documents\...</choption>
            <chdesc>
              <codeblock>cd \ </codeblock>
            </chdesc>
          </chrow>
        </choicetable>
      </step>
      <step>
        <cmd>At the prompt, type <codeph>cd ditaot</codeph></cmd>
        <stepresult>The command prompt changes to <codeph>c:\ ditaot</codeph> 
          </stepresult>
      </step>
      <step>
        <cmd>Type <codeph>ant all</codeph> and press Enter to begin testing. 
          </cmd>
        <stepresult>The testing process completes in 3-10 minutes depending on 
          the speed of your machine. When testing completes, the confirmation 
          message "BUILD SUCCESSFUL" displays. <note type="note">To read more 
          about the DITA Open Toolkit options and functions, see 
          C:\ditaot\doc\DITA-readme.html on your local hard 
          drive.</note></stepresult>
      </step>
    </steps>
  </taskbody>
</task>