<?xml version="1.0" encoding="utf-8"?>
<!-- (c) Copyright IBM Corp. 2004, 2005 All Rights Reserved. -->

<strings xml:lang="is-is">        <!-- Icelandic -->

<!-- various labels (not author controlled) -->
<str name="Figure">Mynd</str>
<str name="Table">Tafla</str>
<str name="Next topic">Next topic</str>
<str name="Previous topic">Previous topic</str>
<str name="Parent topic">Parent topic</str>
<str name="Required cleanup">Required cleanup</str>
<str name="Draft comment">Draft comment</str>
<str name="Option">Option</str>
<str name="Description">Lýsing</str>
<str name="Optional">Optional</str>
<str name="Required">Required</str>
<str name="Skip visual syntax diagram">Skip visual syntax diagram</str>
<str name="Read syntax diagram">Read syntax diagram</str>
<str name="Start of change">Start of change</str>
<str name="End of change">End of change</str>
<str name="Index">Atriðaskrá</str>
<str name="Special characters">Sérstök tákn</str>
<str name="Numerics">Tölur</str>
<str name="End notes">End notes</str>
<str name="Artwork">Artwork</str>
<str name="Syntax">Syntax</str>
<str name="Type">Type</str>
<str name="Value">Value</str>
<!-- Text that goes before a link to a topic -->
<str name="intro-to-topic-link"></str>

<!-- peril notice labels -->
<str name="Note">Athugið</str>
<str name="Notes">Athugasemdir</str>
<str name="Tip">Tip</str>
<str name="Fastpath">Fastpath</str>
<str name="Important">Important</str>
<str name="Attention">Viðvörun</str>
<str name="Caution">VARÚÐ</str>
<str name="Danger">HÆTTA</str>
<str name="Remember">Remember</str>
<str name="Restriction">Restriction</str>

<!-- default title text for section level generated sections -->
<str name="Contents">Efnisyfirlit</str>
<str name="Related concepts">Related concepts</str>
<str name="Related tasks">Related tasks</str>
<str name="Related reference">Related reference</str>
<str name="Related information">Related information</str>

<str name="Prerequisite">Prerequisite</str>
<str name="Prerequisites">Prerequisites</str>
<str name="or">or</str>

<str name="Copyright">Copyright</str>

<!-- Symbols -->
<str name="OpenQuote">"</str>
<str name="CloseQuote">"</str>
<str name="ColonSymbol">:</str>

</strings>
