<?xml version="1.0" encoding="utf-8"?>
<!-- (c) Copyright IBM Corp. 2004, 2005 All Rights Reserved. -->

<strings xml:lang="ar-eg">        <!-- Arabic -->

<!-- various labels (not author controlled) -->
<str name="Figure">شكل</str>
<str name="Table">جدول</str>
<str name="Next topic">الموضوع التالي</str>
<str name="Previous topic">الموضوع السابق</str>
<str name="Parent topic">الموضوع الأصلي</str>
<str name="Required cleanup">الاخلاء المطلوب</str>
<str name="Draft comment">تعليق المسودة</str>
<str name="Option">اختيار</str>
<str name="Description">توصيف</str>
<str name="Optional">اختياري</str>
<str name="Required">مطلوب</str>
<str name="Skip visual syntax diagram">تخطي شكل الصيغة المرئية</str>
<str name="Read syntax diagram">شكل صيغة القراءة</str>
<str name="Start of change">بداية التغيير</str>
<str name="End of change">نهاية التغيير</str>
<str name="Index">الفهرس</str>
<str name="Special characters">الحروف الخاصة</str>
<str name="Numerics">أرقام</str>
<str name="End notes">ملحوظات النهاية</str>
<str name="Artwork">عمل فني</str>
<str name="Syntax">الصيغة</str>
<str name="Type">النوع</str>
<str name="Value">القيمة</str>
<!-- Text that goes before a link to a topic -->
<str name="intro-to-topic-link"></str>

<!-- peril notice labels -->
<str name="Note">ملاحظة</str>
<str name="Notes">ملاحظات</str>
<str name="Tip">تلميح</str>
<str name="Fastpath">طريقة مختصرة</str>
<str name="Important">هام</str>
<str name="Attention">تنبيه</str>
<str name="Caution">تحذير</str>
<str name="Danger">خطر</str>
<str name="Remember">تذكر</str>
<str name="Restriction">ممنوع</str>

<!-- default title text for section level generated sections -->
<str name="Contents">المحتويات</str>
<str name="Related concepts">المفاهيم المتعلقة</str>
<str name="Related tasks">المهام المتعلقة</str>
<str name="Related reference">المرجع المتعلق</str>
<str name="Related information">المعلومات المتعلقة</str>

<str name="Prerequisite">متطلب رئيسي</str>
<str name="Prerequisites">متطلبات رئيسية</str>
<str name="or">or</str>

<str name="Copyright">حقوق النشر لشركة</str>

<!-- Symbols -->
<str name="OpenQuote">"</str>
<str name="CloseQuote">"</str>
<str name="ColonSymbol">:</str>

</strings>
