<?xml version="1.0" encoding="utf-8"?>
<!-- (c) Copyright IBM Corp. 2004, 2005 All Rights Reserved. -->

<strings xml:lang="pl-pl">        <!-- Polish -->

<!-- various labels (not author controlled) -->
<str name="Figure">Rysunek</str>
<str name="Table">Tabela</str>
<str name="Next topic">Następny temat</str>
<str name="Previous topic">Poprzedni temat</str>
<str name="Parent topic">Temat nadrzędny</str>
<str name="Required cleanup">Wymagana korekta</str>
<str name="Draft comment">Komentarz roboczy</str>
<str name="Option">Opcja</str>
<str name="Description">Opis</str>
<str name="Optional">Opcjonalne</str>
<str name="Required">Wymagane</str>
<str name="Skip visual syntax diagram">Pomiń diagram składni</str>
<str name="Read syntax diagram">Czytaj diagram składni</str>
<str name="Start of change">Początek zmiany</str>
<str name="End of change">Koniec zmiany</str>
<str name="Index">Indeks</str>
<str name="Special characters">Znaki specjalne</str>
<str name="Numerics">Symbole</str>
<str name="End notes">Przypisy końcowe</str>
<str name="Artwork">Ilustracja</str>
<str name="Syntax">Składnia</str>
<str name="Type">Typ</str>
<str name="Value">Wartość</str>
<!-- Text that goes before a link to a topic -->
<str name="intro-to-topic-link"></str>

<!-- peril notice labels -->
<str name="Note">Uwaga</str>
<str name="Notes">Uwagi</str>
<str name="Tip">Wskazówka</str>
<str name="Fastpath">Krótka ścieżka</str>
<str name="Important">Ważne</str>
<str name="Attention">Ostrzeżenie</str>
<str name="Caution">UWAGA</str>
<str name="Danger">NIEBEZPIECZEŃSTWO</str>
<str name="Remember">Zapamiętaj</str>
<str name="Restriction">Ograniczenie</str>

<!-- default title text for section level generated sections -->
<str name="Contents">Spis treści</str>
<str name="Related concepts">Pojęcia pokrewne</str>
<str name="Related tasks">Zadania pokrewne</str>
<str name="Related reference">Odsyłacze pokrewne</str>
<str name="Related information">Informacje pokrewne</str>

<str name="Prerequisite">Wymaganie wstępne</str>
<str name="Prerequisites">Wymagania wstępne</str>
<str name="or">or</str>

<str name="Copyright">Copyright</str>

<!-- Symbols -->
<str name="OpenQuote">"</str>
<str name="CloseQuote">"</str>
<str name="ColonSymbol">:</str>

</strings>
