<?xml version="1.0" encoding="utf-8"?>
<!-- (c) Copyright IBM Corp. 2004, 2005 All Rights Reserved. -->

<strings xml:lang="sr-sp">        <!-- Serbian -->

<!-- various labels (not author controlled) -->
<str name="Figure">Илустрација</str>
<str name="Table">Табела</str>
<str name="Next topic">Следећа тема</str>
<str name="Previous topic">Претходна тема</str>
<str name="Parent topic">Надређена тема</str>
<str name="Required cleanup">Неопходно чишћење</str>
<str name="Draft comment">Коментар на концепт</str>
<str name="Option">Избор</str>
<str name="Description">Опис</str>
<str name="Optional">Необавезно</str>
<str name="Required">Неопходно</str>
<str name="Skip visual syntax diagram">Прескочите визуални синтаксни дијаграм</str>
<str name="Read syntax diagram">Прочитајте визуални синтаксни дијаграм</str>
<str name="Start of change">Почетак промене</str>
<str name="End of change">Крај промене</str>
<str name="Index">Индекс</str>
<str name="Special characters">Посебни Знаци</str>
<str name="Numerics">Нумерици</str>
<str name="End notes">Завршне примедбе</str>
<str name="Artwork">Илустрације</str>
<str name="Syntax">Синтакса</str>
<str name="Type">Врста</str>
<str name="Value">Вредност</str>
<!-- Text that goes before a link to a topic -->
<str name="intro-to-topic-link"></str>

<!-- peril notice labels -->
<str name="Note">Напомена</str>
<str name="Notes">Напомене</str>
<str name="Tip">Савет</str>
<str name="Fastpath">Пречица</str>
<str name="Important">Важно</str>
<str name="Attention">Пажња</str>
<str name="Caution">УПОЗОРЕЊЕ</str>
<str name="Danger">ОПАСНОСТ</str>
<str name="Remember">Запамтите</str>
<str name="Restriction">Ограничење</str>

<!-- default title text for section level generated sections -->
<str name="Contents">Садржај</str>
<str name="Related concepts">Сродни концепти</str>
<str name="Related tasks">Сродни задаци</str>
<str name="Related reference">Сродна референца</str>
<str name="Related information">Сродна информација</str>

<str name="Prerequisite">Предуслов</str>
<str name="Prerequisites">Предуслови</str>
<str name="or">or</str>

<str name="Copyright">Copyright</str>

<!-- Symbols -->
<str name="OpenQuote">"</str>
<str name="CloseQuote">"</str>
<str name="ColonSymbol">:</str>

</strings>
