<?xml version="1.0" encoding="utf-8"?>
<!-- (c) Copyright IBM Corp. 2004, 2005 All Rights Reserved. -->

<strings xml:lang="pt-br">        <!-- Brazilian Portuguese -->

<!-- various labels (not author controlled) -->
<str name="Figure">Figura</str>
<str name="Table">Tabela</str>
<str name="Next topic">Próximo tópico</str>
<str name="Previous topic">Tópico anterior</str>
<str name="Parent topic">Tópico pai</str>
<str name="Required cleanup">Limpeza necessária</str>
<str name="Draft comment">Comentário rascunho</str>
<str name="Option">Opção</str>
<str name="Description">Descrição</str>
<str name="Optional">Opcional</str>
<str name="Required">Necessário</str>
<str name="Skip visual syntax diagram">Manter visual do diagrama de sintaxe</str>
<str name="Read syntax diagram">Ler diagrama de sintaxe</str>
<str name="Start of change">Início da mudança</str>
<str name="End of change">Fim da mudança</str>
<str name="Index">Índice Remissivo</str>
<str name="Special characters">Caracteres Especiais</str>
<str name="Numerics">Numéricos</str>
<str name="End notes">Avisos Finais</str>
<str name="Artwork">Ilustração</str>
<str name="Syntax">Sintaxe</str>
<str name="Type">Tipo</str>
<str name="Value">Valor</str>
<!-- Text that goes before a link to a topic -->
<str name="intro-to-topic-link"></str>

<!-- peril notice labels -->
<str name="Note">Nota</str>
<str name="Notes">Notas</str>
<str name="Tip">Dica</str>
<str name="Fastpath">Atalho</str>
<str name="Important">Importante</str>
<str name="Attention">Atenção</str>
<str name="Caution">CUIDADO</str>
<str name="Danger">PERIGO</str>
<str name="Remember">Lembre-se</str>
<str name="Restriction">Restrição</str>

<!-- default title text for section level generated sections -->
<str name="Contents">Conteúdo</str>
<str name="Related concepts">Conceitos relacionados</str>
<str name="Related tasks">Tarefas relacionadas</str>
<str name="Related reference">Referências relacionadas</str>
<str name="Related information">Informações relacionadas</str>

<str name="Prerequisite">Prerequisite</str>
<str name="Prerequisites">Prerequisites</str>
<str name="or">or</str>

<str name="Copyright">Copyright</str>

<!-- Symbols -->
<str name="OpenQuote">"</str>
<str name="CloseQuote">"</str>
<str name="ColonSymbol">:</str>

</strings>
