<?xml version="1.0" encoding="utf-8"?>
<!-- (c) Copyright IBM Corp. 2004, 2005 All Rights Reserved. -->
<?xml-stylesheet href="../../xsl/dita2html_shell.xsl" type="text/xsl"?>
<!DOCTYPE bkinfo PUBLIC "-//IBM//DTD DITA Book Information//EN" "bkinfo.dtd">
<bkinfo id="task_bkinfo">
  <title>Product Tasks</title>
  <bktitlealts>
      <bksubtitle>Tasks and what they can do</bksubtitle>
  </bktitlealts>
  <bkabstract>A brief summary of all operational knowledge
      including the evolution of human culture.</bkabstract>
  <bkinfobody>
    <bkrights>
      <bkcopyrfirst><year>2003</year></bkcopyrfirst>
      <bkcopyrlast><year>2004</year></bkcopyrlast>
	  <bkowner>
	    <organization>
		  <orgname>IBM Corporation</orgname>
		  <address>New Orchard Road
Armonk, New York 10504</address>
		  <phone>914-499-1900</phone>
		  <resource href="http://www.ibm.com/" format="html"/>
		</organization>
	  </bkowner>
    </bkrights>
  </bkinfobody>
</bkinfo>
