<?xml version="1.0" encoding="utf-8"?>
<!-- (c) Copyright IBM Corp. 2004, 2005 All Rights Reserved. -->

<!DOCTYPE topic PUBLIC "-//OASIS//DTD DITA Topic//EN"
 "../../dtd/topic.dtd">
<topic id="troubleshooting" xml:lang="en-us">
<title>Troubleshooting</title>
<shortdesc>The troubleshooting tasks explain how to diagnose the cause
of and recover from problems.</shortdesc>
<body>
<p>To fix a problem, you often have to configure or maintain a
component.
The troubleshooting tasks help you determine what to work on to get
back to normal operations.
</p>
</body>
</topic>
