<?xml version="1.0" encoding="UTF-8" ?>
<!-- (c) Copyright IBM Corp. 2004, 2005 All Rights Reserved. -->
<project name="sample_pdf" default="all" basedir="..">
    
  <import file="${basedir}${file.separator}conductor.xml"/>

	<target name="all" depends="sample2pdf">
	</target>
	<!-- revise below here -->

	<target name="sample2pdf" depends="use-init">
      <antcall target="dita2pdf">
		<param name="args.input"
            value="${basedir}${file.separator}samples${file.separator}hierarchy.ditamap"/>
		<param name="output.dir"
            value="${basedir}${file.separator}out${file.separator}samples${file.separator}pdf"/>
      </antcall>
	</target>
</project>
