<?xml version="1.0" encoding="UTF-8" ?>
<!-- (c) Copyright IBM Corp. 2004, 2005 All Rights Reserved. -->

<strings>

<!-- English US version -->
<str xml:lang="en-us" name="Question">Question</str>
<str xml:lang="en-us" name="Answer">Answer</str> 

<!-- Spanish Spain version -->
<str xml:lang="es-es" name="Question">Pregunta</str>
<str xml:lang="es-es" name="Answer">Respuesta</str> 

<!-- German Germany version -->
<str xml:lang="de-de" name="Question">Frage</str>
<str xml:lang="de-de" name="Answer">Antwort</str> 

</strings> 
