<?xml version="1.0" encoding="UTF-8" ?>
<!-- (c) Copyright IBM Corp. 2004, 2005 All Rights Reserved. -->
<!--  
 | ** THIS FILE IS NOT A DITA DOCUMENT. IT CONTAINS LANGUAGE REPLACEMENTS
 | ** FOR GENERATED TEXT IN DITA TRANSFORMS.

 *-->
<strings>

<!-- English US version -->
<str xml:lang="en-us" name="Purpose">Purpose</str>
<str xml:lang="en-us" name="Contained by">Contained by</str>
<str xml:lang="en-us" name="Contains">Contains</str>
<str xml:lang="en-us" name="Attributes">Attributes</str>
<str xml:lang="en-us" name="Examples">Examples</str>
<str xml:lang="en-us" name="Required?">Required?</str>
<str xml:lang="en-us" name="Name">Name</str>
<str xml:lang="en-us" name="Description">Description</str> 

<!-- Spanish Spain version -->
<str xml:lang="es-es" name="Purpose">Proposito</str>
<str xml:lang="es-es" name="Contained by">Contenida por</str>
<str xml:lang="es-es" name="Contains">Contiene</str>
<str xml:lang="es-es" name="Attributes">Cualidades</str>
<str xml:lang="es-es" name="Examples">Ejemplos</str>
<str xml:lang="es-es" name="Required?">&#x00BF;Requerido?</str>
<str xml:lang="es-es" name="Name">Nombre</str>
<str xml:lang="es-es" name="Description">Descripci&#x00F3;n</str> 

<!-- German Germany version -->
<str xml:lang="de-de" name="Purpose">Zweck</str>
<str xml:lang="de-de" name="Contained by">Enthielt vorbei</str>
<str xml:lang="de-de" name="Contains">Enthaelt</str>
<str xml:lang="de-de" name="Attributes">Eigenschaften</str>
<str xml:lang="de-de" name="Examples">Beispele</str>
<str xml:lang="de-de" name="Required?">Erfordert?</str>
<str xml:lang="de-de" name="Name">Name</str>
<str xml:lang="de-de" name="Description">Beschreibung</str> 

</strings> 
